protein_id,Sequence,Label
>label_1,FSSAYSRGVFRRDTHKSEIAHRFKDLGEEHF,1
>label_1,ALKAWSVARLSQKFPKAEFVEVTKLVTDLTK,1
>label_1,IKKQTALVELLKHKPKATEEQLKTVMENFVA,1
>label_1,RKPLQDRQDRRNSRLKEGLPLIRTRRKKKEE,1
>label_1,ALVLAPTRELAQQIEKVMRALGDYLGVKVHA,1
>label_1,SGRFGRKGVAINFVTKDDERMLADIQRFYNV,1
>label_1,LGADTRATEGPIVADKNCEKIHFMAPNIYCC,1
>label_1,LTSLFATDFFEIKAVKDIEPTLKKQLIISTA,1
>label_1,DFFEIKAVKDIEPTLKKQLIISTALMTFGVA,1
>label_1,SEHARTLGPKGSDAHKAAVIGDTVGDPLKDT,1
>label_1,MLPYWFSAMTMKSVGKAALKMVEEVRRQFRD,1
>label_1,YIEAGVSEHARTLGPKGSDAHKAAVIGDTVG,1
>label_1,KLNGILPSFRRDVEEKQEVREDDRKYNLQVE,1
>label_1,AFYQKYVDEQSKKEIKDILVRYDRTLLVADP,1
>label_1,KALVAFYQKYVDEQSKKEIKDILVRYDRTLL,1
>label_1,TLAQPGVFAPPPPRDKAIIPGDGNPKAIFNA,1
>label_1,GSMQLADQTKIIAAIKEAGNIKRFLPSEFGN,1
>label_1,APDSAPALAIKATMEKTSRRFANYGKQGLLC,1
>label_1,IGWVGRSYLIAIRDDKKPTQKEIIIDVPLAS,1
>label_1,PASADIAGLTPCKDSKQFAKREKQQLKKLES,1
>label_1,SLKLYAPDSAPALAIKATMEKTSRRFANYGK,1
>label_1,VFRVEMMDFSGGRITKEYSAEDIKHADHSIV,1
>label_1,NYGPTWSRMVFPIDLKKKPWEQKLPLHNRWH,1
>label_1,CEVLHSRPLASLPTPKGCLLGKIQEGTTDWE,1
>label_1,IPTAIFDQDVRPKTNKVPVGPRLVRNPDVLK,1
>label_1,ETTKEAAVVDPVEPEKVLRVCDENCVHLKFV,1
>label_1,TTHHHWDHAGGNEKIKELVPGIKVYGGSLDN,1
>label_1,LVPGIKVYGGSLDNVKGSTNKLENGDKLSLG,1
>label_1,MTAYFNKTGWPEKAPKSEEERKQFIASLHKR,1
>label_1,AIVSCLLGPERAEKIKIFAGDVVPRKKPDPA,1
>label_1,TNALILKEFAPSISEKNITCLTRLDHNRALG,1
>label_1,GEFITTVQQRGAAIIKARKLSSALSAASSAC,1
>label_1,YERKKQLTKLRVKAEKIAEEKLGSQLDIISS,1
>label_1,NTKPSHGPIHFRAPAKILWRTIRGMIPHKTK,1
>label_1,ELNMDLFRKCMEPVEKCLRDAKMDKSNVDDV,1
>label_1,ELNMDLFRKCMEPVEKCLRDAKMDKSSVHDV,1
>label_1,ELNMDLFRKCMEPVEKCLRDAKMDKSTVHDV,1
>label_1,ELNMDLFRKCMEPVEKCLRDSKMDKSSVDDV,1
>label_1,LENYAYNMRNTVKDEKISAKLSADDKKKIED,1
>label_1,TITNDKGRLSKEEIEKMVQEAEKYKAEDEDH,1
>label_1,TITNDKGRLSKEEIEKMVQEAEKYKSEDEEH,1
>label_1,RLSKEEIEKMVQEAEKYKAEDEDHKKKVEAK,1
>label_1,RLSKEEIEKMVQEAEKYKSEDEEHKKKIEAK,1
>label_1,IINEPTAAAIAYGLDKKAGSAGEKNVLIFDL,1
>label_1,IINEPTAAAIAYGLDKKATSVGEKNVLIFDL,1
>label_1,IINEPTAAAIAYGLDKKGGEKNILVFDLGGG,1
>label_1,DKTTGQKNKITITNDKGRLSKEEIEKMVQEA,1
>label_1,DKTTGQKNKITITNDKGRLSKEEIENMVQEA,1
>label_1,QKNKITITNDKGRLSKEEIEKMVQEAEKYKA,1
>label_1,QKNKITITNDKGRLSKEEIEKMVQEAEKYKS,1
>label_1,DGNQLAEADEFEDKMKELESICNPIIAKMYQ,1
>label_1,EGSQLAEPDEFEDKMKELESICNPIIAKMYQ,1
>label_1,EDFDNRMVNHFVQEFKRKHKKDISGNPRALR,1
>label_1,EDFDNRMVNHFVQEFKRKHKKDITGNPRALR,1
>label_1,EDFDNRMVNHFVQEFKRKNKKDISGNPRALR,1
>label_1,SKEEIEKMVQEAEKYKSEDEEHKKKIEAKNA,1
>label_1,ILNVLAEDKTTGQKNKITITNDKGRLSKEEI,1
>label_1,ILNVSAEDKTTGQKNKITITNDKGRLSKEEI,1
>label_1,KNQVAMNPINTVFDAKRLIGRRFADASVQGD,1
>label_1,KNQVAMNPINTVFDAKRLIGRRFSDASVQGD,1
>label_1,GIFTRLINRNTTIPTKKSQAFSTAADNQTQV,1
>label_1,GIFTRLINRNTTIPTKKSQVFSTAADNQTQV,1
>label_1,GVMTVLIPRNTTIPTKKEQVFSTYSDNQPGV,1
>label_1,KNALENYAYNMRNTVKDEKISAKLSADDKKK,1
>label_1,MVQEAEKYKSEDEEHKKKIEAKNALENYAYN,1
>label_1,AFGAELVLTDPARGMKGAVQKAEEILAKTPN,1
>label_1,AFGAELVLTDSAKGMKGAVQKAEEISYRTPN,1
>label_1,GLAFMAVAKDPARGMKGAVQKAEEIKEKTPN,1
>label_1,RIAAKLEMMEPCSSVKDRIGYNMIQDAEEKG,1
>label_1,PFTRFCRGVGRTAQAKNRHSNGQGRWPVKSA,1
>label_1,LFWGASKLVPVGYGIKKLQILLSIVDDLVSV,1
>label_1,ELIEGLPKKFKEGVSKEEAEEAKKQLEAAGA,1
>label_1,LKEAKELIEGLPKKFKEGVSKEEAEEAKKQL,1
>label_1,DDIVGILETDDVKDMKPLNDRVLIKVAEAEE,1
>label_1,LKEDDIVGILETDDVKDMKPLNDRVLIKVAE,1
>label_1,GTVVAVGPGPLDEEGKRKALPISPGNTVLYS,1
>label_1,YTTLKPLGDRVLVKIKTAEEKTVGGILLPSS,1
>label_1,GEVVAVGEGKTMGKNKVDISVKTGAQIVYSK,1
>label_1,QTKPQGGEVVAVGEGKTMGKNKVDISVKTGA,1
>label_1,PLNDRVLIKVAEAEEKTAGGLLLTEASKEKP,1
>label_1,DDVKDMKPLNDRVLIKVAEAEEKTAGGLLLT,1
>label_1,PGNTVLYSKYAGNDFKGADGSEYIALRASDV,1
>label_1,AQIPFKIHIVKDHDMKERLCLEVERLGLSAV,1
>label_1,QPLVEAQIPFKIHIVKDHDMKERLCLEVERL,1
>label_1,SVEVTEENRDAAQEAKAKAIEAISEGKPEEA,1
>label_1,EKELDLSSPEVVTKYKSAAEIVNKALQLVLS,1
>label_1,EALRRIREGAAMIRTKGEAGTGNIIEAVRHV,1
>label_1,CLEPTSFTVKADSVSKNAPPEFQRTKLMTRL,1
>label_1,AGGRGDEEELVKENIKNTASSTGKITLGVTN,1
>label_1,AGGRGDEEELVKENIKNTASSTGKITLSVTN,1
>label_1,YQMKKFCLEPTSFTVKADSVSKNAPPEFQRT,1
>label_1,VALPAGGRGDEEELVKENIKNTASSTGKITL,1
>label_1,QFLVPSYRGSSFLDPKGRGGSTGYDNAVALP,1
>label_1,QFLVPSYRGSSFLDPKGRGGSTGYDSAVALP,1
>label_1,TGTANQCPTIEGGVDKFAFKPGKYQMKKFCL,1
>label_1,LEYLSEEYGGRVELAKAYYKGLSKSLSKNFN,1
>label_1,LVGGVAAFAKIAGAAKAAGGAKFSAAAAAMS,1
>label_1,GGNHIGGCDKTMAMHKEGKLVPLLTQVGAVA,1
>label_1,EVFSRIDHKFDLMYAKRAFVHWYVGEGMEEG,1
>label_1,DFQETKTGVVKATGDKQTDEASGVEVTRNED,1
>label_1,PPKKRGRKSSGSKDSKDTEATAEEIEGKKEV,1
>label_1,KDSKDTEATAEEIEGKKEVEMQDVVVTEKVA,1
>label_1,EGQESDTKFNLQVEEKGEKVDDKVNQPERAE,1
>label_1,KFNLQVEEKGEKVDDKVNQPERAEDIEETRG,1
>label_1,ESDTKFNLQVEEKGEKVDGKVNQPERANAAH,1
>label_1,TKIVFIAPTGEEINNKKQLEQYLKSHPGNPA,1
>label_1,KFNLQVEEKGEKVDGKVNQPEQAEAIEETRE,1
>label_1,KFNLQVEEEGEKVDGKVNQPERAGDIEETKE,1
>label_1,RANDFDLMYEQVKAIKDGVAVDKPIYNHVTG,1
>label_1,CLDDYHSLDRTGRKEKGVTALDPRANDFDLM,1
>label_1,FSIYLDISNEVKFAWKIQRDMAERGHSLESI,1
>label_1,IQRDMAERGHSLESIKASIEARKPDFDAYID,1
>label_1,VICLDDYHSLDRTGRKEKGVTALDPRANDFD,1
>label_1,PDDNEGKVLRVRLIMKEGVKFFSPVYLFDEG,1
>label_1,GDNKHFKKVAVVQDNKSGRKMELWSNQPGVQ,1
>label_1,IPQVMENLKYIEEQLKGNKFFGGETIGYTDI,1
>label_1,MLPKALDYESLNENVKKVQYAVRGELYLRAS,1
>label_1,YAVRGELYLRASELQKEGKKIIFTNVGNPHA,1
>label_1,PKPGDISYDQFVRESKGILESLRRRAQIMTD,1
>label_1,PKPGDISYDRFVRESKGILESLRKRARIMTD,1
>label_1,TEGAMYSFPQIRLPPKAIEAAKKAGKVPDVF,1
>label_1,TEGAMYSFPQIRLPPKAIEAAKRAGKVPDVL,1
>label_1,TVHATVKDLKDEKETKHLEALEGAESRLRLF,1
>label_1,MVAELYPEYNVPRLPKDTQPGLLRTKDGSKK,1
>label_1,MVQEAEKYKAEDEEHKKKVEAKNSLENYAYN,1
>label_1,LENYAYNMRNTIKDEKISAKLPPGEKKKIED,1
>label_1,KNQVAMNPTNTVFDAKRLIGRRFSDPSVQSD,1
>label_1,KNQVAMNPTNTVFDAKRLIGRRFTDASVQSD,1
>label_1,KNSLENYAYNMRNTIKDEKISAKLPPGEKKK,1
>label_1,SKEEIENMVQEAEKYKAEDEEHKKKVEAKNS,1
>label_1,GDFEKSDDAYDAIDEKEKELKQKLDLDKERK,1
>label_1,IPTNKRYKAAEIFSNKKVVDEIPWYGIEQEY,1
>label_1,YSTKSMREDGGFEVIKKAILNLSLRHKEHIS,1
>label_1,FEVIKKAILNLSLRHKEHISAYGEGNERRLT,1
>label_1,HISAYGEGNERRLTGKHETASINTFSWGVAN,1
>label_1,GIDLRSKSKTISKPVKHPSELPKWNYDGSST,1
>label_1,RGCSIRVGRETEKQGKGYLEDRRPASNMDPY,1
>label_1,TYTPQGEPIPTNKRYKAAEIFSNKKVVDEIP,1
>label_1,GTAGLKHVEVPVPAPKKKEVLIKIEAASLNP,1
>label_1,GVAGLKHVEVPVPAPKKGEVLLKLEATSLNP,1
>label_1,VLLKLEATSLNPVDWKIQKGILRPLFPRKFP,1
>label_1,CDRCMGEVTQRLSNAKEAASKLAGLQTHEDL,1
>label_1,CLKEIRARASDVEDEKKGIKITKKDWENLHL,1
>label_1,MGRRDKCIIEKENNFKQPGERYRSWAPDRQE,1
>label_1,TGKRDKCVIEKENNFKQPGERYRSFTPDRQE,1
>label_1,RHMEGSGVNTYTLINKAGKAHYVKFHWKPTC,1
>label_1,RHMEGSGVNTYTLINKAGKVHYVKFHWKPTC,1
>label_1,KVHYVKFHWKPTCGVKCLLDDEAIKVGGSNH,1
>label_1,ITAALQTNGDSRVAGKYGRRSWESSSPRPSA,1
>label_1,QWRRVRTTQDEINELKKHVKPVAVTPEGTPV,1
>label_1,RQGLTKSIGVSNFTPKKLDQILACATIPPAV,1
>label_1,LEEKAKASGACQLVVKDLREEFVKDYIYPCL,1
>label_1,AIEYAKKHNVPVPVTKKSIYSRDRNLWHLSH,1
>label_1,KITATTTGSVTLKLYKGSVTVTGRKSPYSLY,1
>label_1,INKGTVEIITPVELIKKGDKVGSSEAALLAK,1
>label_1,INKGTVEIITPVELIKKGEKVGSSEAALLSK,1
>label_1,QTSFFQVLNIPTKINKGTVEIITPVELIKKG,1
>label_1,TKGDLKEVSDEVAKYKVGAPARVGLIAPIDV,1
>label_1,VRSVSAGKEVKNAISKEIPAAKIDAMELDLS,1
>label_1,RGVHVIMGVRSVSAGKEVKNAISKEIPAAKI,1
>label_1,DAAEDEFFRLTTKEGKLTVERDVVRTQTIDF,1
>label_1,DATEDEFFRLTTREGKLTVERDVVQTQTIKF,1
>label_1,LRELRKRIDSVKNTQKITEAMKLVAAAKVRR,1
>label_1,RIDSVKNTQKITEAMKLVAAAKVRRAQEAVV,1
>label_1,NTKKITEAMKLVAAAKVRRAQEAVVNGRPFS,1
>label_1,NTQKITEAMKLVAAAKVRRAQEAVVNGRPFS,1
>label_1,RMSAMSNATDNAVELKKSLSIVYNRQRQAKI,1
>label_1,DLKNLGLDYTVISVGKKGNSYFLRRPHIPVD,1
>label_1,ERKRQAEEQRRIEAEKAASEADRARAREEEL,1
>label_1,GSPDRLWGPDEPRTNKIVFIGKNLNAQELEK,1
>label_1,MTAIQQSVAYEDLKNKIAHFQSRVKQAISMV,1
>label_1,TALKEKDGSSRQAIAKYIEKAYSNLPATHST,1
>label_1,TALKEKNGSSRQAIAKYIEKAYTNLPSTHSA,1
>label_1,KPAEKKPAAEKAPAEKKPKAEKKLPKEASTE,1
>label_1,KRSKKSVETYKIYIFKVLKQVHPDIGISSKA,1
>label_1,KRTKKSVETYKIYIFKVLKQVHPDIGISSKA,1
>label_1,KKSVETYKIYIFKVLKQVHPDIGISSKAMGI,1
>label_1,KAPAEKKPKAEKKLPKEASTEKKKKRSKKSV,1
>label_1,PKADKKPAEKKPAAEKAPAEKKPKAEKKLPK,1
>label_1,EGGAAAGDKKKKRSKKSVETYKIYIFKVLKQ,1
>label_1,EGGAAAGDKKKKRTKKSVETYKIYIFKVLKQ,1
>label_1,KEGGAAGDKKKKRSKKSVETYKIYIFKVLKQ,1
>label_1,LPKEASTEKKKKRSKKSVETYKIYIFKVLKQ,1
>label_1,GDKKKKRSKKSVETYKIYIFKVLKQVHPDIG,1
>label_1,GDKKKKRTKKSVETYKIYIFKVLKQVHPDIG,1
>label_1,TEKKKKRSKKSVETYKIYIFKVLKQVHPDIG,1
>label_1,EIQTAVRLVLPGELAKHAVSEGTKAVTKFTS,1
>label_1,EIQTAVRLVLPGELAKHAVSEGTKAVVKDYQ,1
>label_1,FEKLAQEASRLARYNKKPTITSREIQTAVRL,1
>label_1,FEKLAQESSRLARYNKKPTITSREIQTAVRL,1
>label_1,AEEKKTTAAEKAPAEKKPKAGKKLPKEGGAA,1
>label_1,KAGKKLPKEGGAAGDKKKKRSKKSVETYKIY,1
>label_1,KAPAEKKPKAGKKLPKEGGAAGDKKKKRSKK,1
>label_1,AAAEKKPAEKKPAEEKKSTVAEKAPAEKKPK,1
>label_1,KTAEKKPAEKKPAEEKKTTAAEKAPAEKKPK,1
>label_1,PKAEKKPAEKKPAEEKKSTVAEKAPAEKKPK,1
>label_1,AEKKPAEEKKTTAAEKAPAEKKPKAGKKLPK,1
>label_1,KRVIERFEKEAAEMNKRSFKYAWVLDKLKAE,1
>label_1,KARYDEIVKEVSSYLKKVGYNPDKIPFVPIS,1
>label_1,CHTSHIAVKFAEILTKIDRRSGKELEKEPKF,1
>label_1,YKLGGIDKRVIERFEKEAAEMNKRSFKYAWV,1
>label_1,VAVKDLKRGFVASNSKDDPAKEAANFTSQVI,1
>label_1,RPSDKPLRLPLQDVYKIGGIGTVPVGRVETG,1
>label_1,KQMICCCNKMDATTPKYSKARYDEIVKEVSS,1
>label_1,FAVRDMRQTVAVGVIKSVEKKDPSGAKVTKA,1
>label_1,VKFAEILTKIDRRSGKELEKEPKFLKNGDAG,1
>label_1,ATTPKYSKARYDEIVKEVSSYLKKVGYNPDK,1
>label_1,KPFAGSSHAKGIVLEKIGIEAKQPNSAIRKC,1
>label_1,LGNEWKKPFAGSSHAKGIVLEKIGIEAKQPN,1
>label_1,NLDLVKGRGGALLREKMVEAASDKFVVVVDE,1
>label_1,LIRLQELFKGEGVDAKLRLDGGKPYVTDNMN,1
>label_1,PPTLTQDDLKKLAADKAVEYVRSGMVLGLGT,1
>label_1,QFCWKYNLIRLQELFKGEGVDAKLRLDGGKP,1
>label_1,DNMNYIVDLYFKTPIKDSEAAGREISALEGV,1
>label_1,VFYQSKSFFDLPVSEKMKVLRNKKHRGDYKE,1
>label_1,YPTSGVVLRPGFIYGKRRVDGFEIPLDLIGG,1
>label_1,RTKGKRLVFVTNNSTKSRKQYGKKFETLGLN,1
>label_1,SSFAAAAYLKSIDFPKDKKVYVIGEDGILKE,1
>label_1,GKAGCKVLVNYARSSKEAEEVSKEGYMRTGY,1
>label_1,GDIVSGCEREVAEAEKGSSVEHKSQCITRLS,1
>label_1,LEEIVWNKDVEVSHMKEKKPLFSLKKALDNA,1
>label_1,TLSPFNESEENALKIKEWEVGRFRDEIAASQ,1
>label_1,GLYTDIGKKARDLLYKDYQSDHKFTITTYSP,1
>label_1,GLYTEIGKKARDLLYKDYQSDHKFTVTTYSP,1
>label_1,KGDLFLADVNTQLKNKNVTTDIKVDTNSNLL,1
>label_1,TVDEAAPGLKTILSFKVPDQRSGKLEVQYLH,1
>label_1,FLNPDEGHIFGYARTKISDDELRNRIRGILV,1
>label_1,QVAQQEAERSKFVVAKAEQERRAAIIRAEGE,1
>label_1,GENQKAIYYLATDSLKSAKTAPFLEKLLQKD,1
>label_1,ADSSSYVIREETDPEKLLPRGTQITLYLRPD,1
>label_1,VFLREIVSNASDALDKLRFLSVTDPSLLGNA,1
>label_1,NETKPIWMRNHKEVEKDEYNEFYKKTFNEFL,1
>label_1,DLNAACKNAPDSTDAKRALDLLYDTALISSG,1
>label_1,WELANETKPIWMRNHKEVEKDEYNEFYKKTF,1
>label_1,QEKSRTVEVEEEEEPKEGEETKPEGEKKKTK,1
>label_1,LLCDWIKQQLGEKVAKVQVSKRLSSSPCVLV,1
>label_1,SSGKFLRRFRLPENAKVDQVKAAMENGVLTV,1
>label_1,KEGIPPDQQRLIFAGKQLEDGRTLADYNIQK,1
>label_1,KEGVPPDQQRLIFAGKQLEDGRTLADYNIQK,1
>label_1,KEGIPPVQQRLIYAGKQLGDDKTAKDYNIEG,1
>label_1,LKGLKLVSVERAFAEKHYADLSAKPFFHGLV,1
>label_1,IISRFEKKGFSLKGLKLVSVERAFAEKHYAD,1
>label_1,GVLWVLPDSYIDVKNKDYGGDKYINGEIIPC,1
>label_1,SYEEAIAGLKKLLREKSELEPIAATKIDQIT,1
>label_1,LVERMKNGFIHFKREKYEKSPALFGELAKGQ,1
>label_1,RMKNGFIHFKREKYEKSPALFGELAKGQSPK,1
>label_1,REKYEKSPALFGELAKGQSPKFMVFACSDSR,1
>label_1,TSVESKPSSPLVERMKNGFIHFKREKYEKSP,1
>label_1,SSPLVERMKNGFIHFKREKYEKSPALFGELA,1
>label_1,AFVVRNVANMVPPFDKTKYSGVGAAVEYAVL,1
>label_1,YPFVRDGLVKKTLSLKGGYYDFVKGAFELWG,1
>label_1,EQHASDNVNKILVGNKADMDESKRAVPTSKG,1
>label_1,INDLAANFATCSRLVKEAAAAGAKMLCFPEN,1
>label_1,DEVVKIASPAVSEASKKAQEAIQSSGFDTQP,1
>label_1,KDKNKAGIPRLPSSAKNRMIAIPLEELPNKL,1
>label_1,ADDDRIQLLLSEVKGKDITELIASGREKLAS,1
>label_1,GAAAAPAAAEPKKEEKVEEKEESDDYSDYTG,1
>label_1,IVQKRRAALNDFDRFKLMLAKIKRGGLIRQE,1
>label_1,IVQKRRASLNDFDRFKLMLAKIKVWTILLKL,1
>label_1,KKTLVAAMDAADVKNKWENSSWGRKLIVQKR,1
>label_1,KKTLVAAMEAADVKNKWENSSWGRKLIVQKR,1
>label_1,KRYVEIGRVALVNYGKDYGRLVVIVDVLDQN,1
>label_1,DSVYFVVSRGADVDVKRLPKRPAPPRFGRKL,1
>label_1,FGQVVEGMEVVKAIEKVGSSTGRTSKTVTIA,1
>label_1,TPRTAENFRALCTGEKGVGKSGKPLHFKGSC,1
>label_1,TPRTAENFRALCTGEKGVGKSGKPLHYKGSS,1
>label_1,AENFRALCTGEKGVGKSGKPLHFKGSCFHRV,1
>label_1,AENFRALCTGEKGVGKSGKPLHYKGSSFHRV,1
>label_1,GESIYGSKFADENFVKKHTGPGILSMANAGP,1
>label_1,GPEVLKWEDVEIGEPKEGEIRVKNKAIGLNF,1
>label_1,CITPEVLQKWVRVAFKEPVWFKAGAQIFSEG,1
>label_1,PAGDVAEVNAIKKVFKNTSEIKMNSTKSMIG,1
>label_1,ITREEAIQLVLKVLSKTMDSTSLTSDKLELA,1
>label_1,LDQIAAVKPFSKFSAKATDIKEIPNCVFQVL,1
>label_1,VSLLRHAERPLIVFGKGAAIARAENPLKKLV,1
>label_1,PFCLGKTHPWVEAICKKSKENVSKMEAQLAK,1
>label_1,LKLGSDKDKRKDAAEKEEKAKKSVSINEFLK,1
>label_1,TIGVDFKIRTVEQDGKTIKLQIWDTAGQEHF,1
>label_1,AVLKIGGASEAEVSEKKDRVTDALNATKAAV,1
>label_1,PKGRNVVLEQSFGSPKVTKDGVTVAKSIEFK,1
>label_1,RNVVLEQSFGSPKVTKDGVTVAKSIEFKDRV,1
>label_1,KVTKDGVTVAKSIEFKDRVKNIGASLVKQVA,1
>label_1,EQLRTSIELSTSDYDKEKLQERLAKLSGGVA,1
>label_1,LILNKLRAGIKVCAIKAPGFGENRKANLQDL,1
>label_1,LILNKLRAGIKVCAIKAPGFGENRKSNLQDL,1
>label_1,ISNLNAVVKVLELALKKQRPLLIVSEDVESE,1
>label_1,KPLEDITDSLKIAGVKALDSVERNLRQASRA,1
>label_1,KDPGALLRYALPVDNKAIREVQKPLEDITDS,1
>label_1,VVEECRKSGKLGLVFKADFEKAYDHVDWHFL,1
>label_1,SGVPYTIIRAGGLQDKEGGIRELLVGKDDEL,1
>label_1,ELLVGKDDELLNTETKTVTRDDVAEVSIQAL,1
>label_1,QYDTRGLVRREESKEKIGGADDVFVGDVRDV,1
>label_1,GLQDKEGGIRELLVGKDDELLNTETKTVTRD,1
>label_1,AEVSIQALQFEEAKFKAFDLASKPERVGTPT,1
>label_1,EQVDWIGQKNQIDAAKAAGVKHIVLVGSMGG,1
>label_1,AKTVTTEMLKNFFAEKGKVLSAKVSRVPGTS,1
>label_1,MLKNFFAEKGKVLSAKVSRVPGTSKSSGFGF,1
>label_1,FGRIVEGMDVVKAIEKVGSSSGRTSKTVTIA,1
>label_1,KHVVFGRIVEGMDVVKAIEKVGSSSGRTSKT,1
>label_1,TGEKGVGKSGKPLHFKGSCFHRVIPGFMCQG,1
>label_1,SQFFICTAKTEWLDGKHVVFGRIVEGMDVVK,1
>label_1,EQSSTIHLHRTVNQIKSLGAKAGVVLNPATA,1
>label_1,QENKEGLELLKAAIAKAGYTGKVVIGMDVAA,1
>label_1,YEALELRDGGSDYLGKGVSKAVENVNAIIGP,1
>label_1,TYDLNFKEENNNGSQKISGEQLKDLYKLFVS,1
>label_1,EENNNGSQKISGEQLKDLYKLFVSEYPIVSI,1
>label_1,FAPNIQENKEGLELLKAAIAKAGYTGKVVIG,1
>label_1,EKIQIVGDDLLVTNPKRVAKAIKEKSCNALL,1
>label_1,ASEFYGSDKTYDLNFKEENNNGSQKISGEQL,1
>label_1,IKLVPIDLQNRPTWYKEKVYPPNKVPSLEHN,1
>label_1,YPPNKVPSLEHNNEVKGESLDLVKYIDSNFE,1
>label_1,VTQYKKGKDSLAAQGKRRYDRKQSGYGGQTK,1
>label_1,CRKHTLHKVTQYKKGKDSLAAQGKRRYDRKQ,1
>label_1,DLLVFLDEKADEAANKFDERAPPSAKMVVDK,1
>label_1,SYFPQVPVDEIAKAYKQVEAEKGPACAPCAA,1
>label_1,LWSLIKRSVKSKIVEKTYIGEGEGKKMPNQV,1
>label_1,LTESAQRALDWAVDEKLKSVDITTSISGSSR,1
>label_1,KADPAKKSDAKAQALKAAKAVKSGSSTFKKK,1
>label_1,KADSTKKADPKAQALKAAKAVKSGSSTLKKK,1
>label_1,KKIKDAVKKMYDIQTKKVNTLIRPDGTKKAY,1
>label_1,DRNPKYPRISAPPRNKLDHYQILKYPLTTES,1
>label_1,HYQILKYPLTTESAMKKIEDNNTLVFIVDIR,1
>label_1,QYQILKYPLTTESAMKKIEDNNTLVFIVDIR,1
>label_1,DAIANDNTLFTFRTNKDAPKYKLVRVDLKEP,1
>label_1,KRIDVPNGRVGVIIGKGGETIKYLQLQSGAK,1
>label_1,GDRIAYVKFPGLYVVKRDGSGLRQVFTGTAF,1
>label_1,EAILRFETPALVEKDKFSWFRDEEFSRQTLA,1
>label_1,TQEAILRFETPALVEKDKFSWFRDEEFSRQT,1
>label_1,REIKGMITLEEALQQKKLFMLDYHDLLLPYV,1
>label_1,KLDPKIYGAPESAITKDLIEREIKGMITLEE,1
>label_1,IQLVKEWPLRSKLDPKIYGAPESAITKDLIE,1
>label_1,NPVVKAAFERFNGKLKELEGVIDDRNANLSL,1
>label_1,ELEGVIDDRNANLSLKNRVGAGVVPYELLKP,1
>label_1,LQSWWTEIRTVGHQDKKDDPWWPVLKTPEDL,1
>label_1,GARRASWRILSSIEQKEESRGNDLNAKRIKE,1
>label_1,YYKMKGDYYRYLAEFKSGNERKEVADLSMKA,1
>label_1,GPAQAQNLRDSLAEAKSDIVVKIGLRKGSRS,1
>label_1,PLTSLDFDSSVFNKEKITLAGHDEYIVRGGR,1
>label_1,SEIRSVVLAGRRFYEKDGLPAFPMGKIDQTR,1
>label_1,LPAFPMGKIDQTRMWKVGERVRATRPAGDLG,1
>label_1,SERRHVIGEDDQFIGKKAAYALSEGLGVIAC,1
>label_1,SERRHVIGEDDQFIGKKAAYALSQGLGVIAC,1
>label_1,VRDWLKKNVSAEVASKTRIIYGGSVNGGNCA,1
>label_1,VRDWLRKNVSAEVASKTRIIYGGSVNGGNCA,1
>label_1,QRLTTLSLELKAAESKIRNYDLEISKVKHEI,1
>label_1,EKRLQNFLRKAFEDFKRDAFREAYLQCSNAI,1
>label_1,EGRVPLWAKASVQEMKDKFSAIGFGPRQLAV,1
>label_1,RVPLWAKASVQEMKDKFSAIGFGPRQLAVMS,1
>label_1,LTLAMNDAMTYDKATKSGGPNGSVRFRLHVI,1
>label_1,ETLLATDRDVAPWVEKYQRSRETVSETDYEV,1
>label_1,DAQEPDPEGRVPLWAKASVQEMKDKFSAIGF,1
>label_1,KPKAEDVEEEEAPKPKAKNPLDLLPPSKMIL,1
>label_1,KPKEEPKKEAKKEPAKPKAEDVEEEEAPKPK,1
>label_1,KEEPKKEAKKEPAKPKAEDVEEEEAPKPKAK,1
>label_1,EKIIPVVSAKKPTQPKEAAKSKPKEEPKKEA,1
>label_1,ELYDWRKVDLTDEAQKERVNQMIEDQEPFEG,1
>label_1,SKMILDDWKRLYSNTKTNFREVAIKGFWDMY,1
>label_1,QPNFKKVMGEVKQAEKIIPVVSAKKPTQPKE,1
>label_1,SYAGPTPVLHAGKTNKNAYKAVIAAEYSGVK,1
>label_1,PNFEMGVSNKTPEFIKMNPIGKVPVLETPDG,1
>label_1,TMVNQPNFKKVMGEVKQAEKIIPVVSAKKPT,1
>label_1,TGGKGSMRRKKKAVHKTTTTDDKRLQSTLKR,1
>label_1,RRKKKAVHKTTTTDDKRLQSTLKRIGVNAIP,1
>label_1,HKTTTTDDKRLQSTLKRIGVNAIPAIEEVNI,1
>label_1,GKYAVKRKAVGIWGCKDCGKVKAGGAYTLNT,1
>label_1,GKPAKKFGLGNKAANKDYALKVITETNESWA,1
>label_1,IQGTLTVVRDWFRDYKIPDGKPAKKFGLGNK,1
>label_1,LPGTLTAVRDWFRDYKIPDGKPAKKFGLGNK,1
>label_1,LCTKNMVPGEAVYNEKRISVQNEDGTKVEYR,1
>label_1,QVLDFELTKEDMDLIKSIDRNYRTNQPAKFW,1
>label_1,IVLRWGIQRGTVVIPKSSKIERLKENIQVLD,1
>label_1,MGFTADEKLIQESEEKLGKVLDIYENRLSKS,1
>label_1,YYAEKYKSQGTELLGKTIEERGLVEQWLEAE,1
>label_1,LFESRAIIRYYAEKYKSQGTELLGKTIEERG,1
>label_1,RRTAVTEYRKKLLQHKELESRVRGVFVKIGE,1
>label_1,KLKAEAKARGEVISTKRQPEGPKPGFMVEGA,1
>label_1,TGIGMVFLPKDDNLMKEAKSVRFAIMMEVND,1
>label_1,RETMPNIQQVFVRVVKDENVDDFERELYICR,1
>label_1,ETLSFWVRAFSEDTAKRLENFGFIQFRPGGE,1
>label_1,DLLEFKSDRAPIPVGKVEPAVSIVQRFCTGG,1
>label_1,LANRPVNVLRDLLEFKSDRAPIPVGKVEPAV,1
>label_1,DDDDTLIQKVNKEIVKIQRVVAPVGQMQLKC,1
>label_1,QTFFDIRKGLEGSLEKTLNKLCKAADEAVRN,1
>label_1,DIRKGLEGSLEKTLNKLCKAADEAVRNGCQL,1
>label_1,NVDRAVCGRIAGVVAKKYGDTGFAGQLNITF,1
>label_1,KGLEGSLEKTLNKLCKAADEAVRNGCQLLIL,1
>label_1,GEYHGNNPEMSKLLHKAVRQKSESAYSVYQQ,1
>label_1,IAQGAKPGEGGQLPGKKVSAYIARLRNSKPG,1
>label_1,KLVNSKEGPPTFEQPKMTVEKLLEYGYMLVQ,1
>label_1,KVPLILGIWGGKGQGKSFQCELVFAKMGINP,1
>label_1,KVPLILGIWGGKGQGKSFQCELVFAKMGISP,1
>label_1,SGAGVDTIGKKLVNSKEGPPTFEQPKMTLEK,1
>label_1,SGVGVDTIGKKLVNSKEGPPTFEQPKMTVEK,1
>label_1,NFKIVAEIDEKKQTDKDKWRGLAYDISDDQQ,1
>label_1,NFKIVAEIDEKKQTDKDKWRGLAYDVSDDQQ,1
>label_1,KIVAEIDEKKQTDKDKWRGLAYDISDDQQDI,1
>label_1,KIVAEIDEKKQTDKDKWRGLAYDVSDDQQDI,1
>label_1,FFGAIRARVYDDEVRKWVSGVGVDTIGKKLV,1
>label_1,EVRKWVSGVGVDTIGKKLVNSKEGPPTFEQP,1
>label_1,LLEYGYMLVQEQENVKRVQLADKYLSEAALG,1
>label_1,LLEYGYMLVQEQENVKRVQLADQYMSEAALG,1
>label_1,FSTLYAPLIRDGRMEKFYWAPTREDRIGVCI,1
>label_1,FSTLYAPLIRDGRMEKFYWAPTREDRIGVCT,1
>label_1,LPNIKVPLILGIWGGKGQGKSFQCELVFAKM,1
>label_1,LADQYMSEAALGDANKDAINRGTFYGKAAQQ,1
>label_1,KLVNSKEGPPTFEQPKMTLEKLLEYGYMLVQ,1
>label_1,FSTLYAPLIRDGRMEKFYWAPNREDRIGVCM,1
>label_1,LVQEQENVKRVQLADKYLSEAALGDANQDSI,1
>label_1,EVRKWISGAGVDTIGKKLVNSKEGPPTFEQP,1
>label_1,LLLQAVQGKGSIQELKEKAISALSKLRGRPS,1
>label_1,DKFACKSIATRKLVNKDDIEDVRREVQIMYH,1
>label_1,EVTRGQDLSGKDFSGKSLIKQDFKTSILRQA,1
>label_1,GQDLSGKDFSGKSLIKQDFKTSILRQANFKG,1
>label_1,GPYGSEVTRGQDLSGKDFSGKSLIKQDFKTS,1
>label_1,SGKDFSGKSLIKQDFKTSILRQANFKGAKLL,1
>label_1,FTDVPLRDDQREYLCKIADGVNPTTGNATRE,1
>label_1,KDFLHISDFDKATILKILDRAKEVKALIKSG,1
>label_1,FHFVCACPKGFEPDEKTVEKARQAGISKIEI,1
>label_1,LASVNKAQSELSSYQKKIFKVDDHIGVAIAG,1
>label_1,QKYEELYQQNGVKFLKGVSIKNLEVGSDGCV,1
>label_1,TCVGSGGERQTPEWYKEKGIEMLYEDPVTAI,1
>label_1,LMVGLDAAGKTTILYKLKLGEIVTTIPTIGF,1
>label_1,IVQGIERLMADEEVHKRAAALGGKFEGGFPA,1
>label_1,ICRSPAAEGVFTDLVKKKGLDFKFKIDSAGT,1
>label_1,KFKGPMHRITTAATVKDGKVYLNHILGLGYP,1
>label_1,DEAFNYKEEVLEAALKRYFPNGIDIYFENVG,1
>label_1,KLLGCYVVGSAGTKEKVDLLKNKFGFDEAFN,1
>label_1,KLSGCYVVGSAGTKEKVDLLKNKFGFDEAFN,1
>label_1,GGKPKKSRTVTEDQPKLERKNRKRKNLHLNA,1
>label_1,KEKIKGKISGEKEEEKIEKYEAVVTPLPPKE,1
>label_1,KGIFEKIKEKLPGQNKKAEEDPPPPPAAEYA,1
>label_1,EKIEKYEAVVTPLPPKEKYEEEVVVVHGELA,1
>label_1,ICGYGDVGKGCAAAMKQAGARVIVTEIDPIC,1
>label_1,VCGYGDVGKGCAAAMKQAGARVIVTEIDPIC,1
>label_1,KYEKKVYVLPKHLDEKVAALHLGKLGAKLTI,1
>label_1,KYEKKVYVLPKHLDEKVAALHLGKLGARLTK,1
>label_1,LLFPAINVNDSVTKSKFDNLYGCRHSLPDGL,1
>label_1,EKSTGKYEKKVYVLPKHLDEKVAALHLGKLG,1
>label_1,ERNTGKYEKKVYVLPKHLDEKVAALHLGKLG,1
>label_1,ETMDIPDGVKIKVKAKMIEVEGPRGKLTRNF,1
>label_1,NDIELVSRSAALINQKCHVKNKDIRKFLDGI,1
>label_1,FKNHQLPLARIKKIMKADEDVRMISAEAPIL,1
>label_1,DTTRINYYKAYLTQLKKAIDDGANVVGYFAW,1
>label_1,SWSRIFPNGTGKVNEKGVAYYNRLINYMLKR,1
>label_1,LFEEWLAQQTPERIAKDITTSKKWMMDEFVA,1
>label_1,IEKRIGTKGSRVLSFKGRGHGFAHRPQSPEE,1
>label_1,DPLGLAKDPDQAAILKVKEIKNGRLAMFAML,1
>label_1,DKLHPGGPFDPLGLAKDPDQAAILKVKEIKN,1
>label_1,STTTTTTEKLGIKIQKNPPESKLTQLGVRNW,1
>label_1,SDALREAITQIANDAKEKKRNFTETIELQIG,1
>label_1,GKFPTLVTHQESLESKVNETKATVKFQLKKV,1
>label_1,LVTHQESLESKVNETKATVKFQLKKVLCMGV,1
>label_1,YAKATDTGIDPEVAAKRLNIDWDSAADIEDS,1
>label_1,GVADHWYPTDLIKRAKIDSVLDWHHSNLRRG,1
>label_1,GQAQAISLGIARALLKVSESHRTPLRKEGLL,1
>label_1,LEFSVQGGFVYREHNKSPGYYDGRYWTMWKL,1
>label_1,GCTDSSQVLKEVEECKKEYPQSFIRIIGFDN,1
>label_1,KEYPKAFVRIIGFDNKRQVQCISFIAHKPPG,1
>label_1,KEYPQSFIRIIGFDNKRQVQCISFICYKPPG,1
>label_1,WKLPMFGCTDSSQVLKEVEECKKEYPQSFIR,1
>label_1,GGRVQCMKVWPPLGLKKFETLSYLPPLSQAE,1
>label_1,PTRDEIIDSYIKTLAKVVGSEEEARMKIYSV,1
>label_1,DLTDGLDASGRKGKGKGVYQFVDKYGANVDG,1
>label_1,ERIKVEQEARAKIDEKEGEIRQLKKWVEDLD,1
>label_1,KASGLMQRIEALEVEKRKLVRENEEERERVK,1
>label_1,ANKEVSELKRVVEELKRSISEKGLKVEVLEK,1
>label_1,ESSDTIENVKAKIQDKEGIPPDQQRLIFAGK,1
>label_1,KEGIPPDQQRLIFAGKQLDDGRTLADYNIQK,1
>label_1,MVFGEITTKAAVDYEKIVRDTCRTIGFVSDD,1
>label_1,WGAHGGGAFSGKDPTKVDRSGAYIVRQAAKS,1
>label_1,DLDCSIKFYEKALGMKLLKKTDRPEQKYTIA,1
>label_1,MLRVGDLDCSIKFYEKALGMKLLKKTDRPEQ,1
>label_1,MLRVGDLDRSIKFYEKALGMKMLRKIDMPGQ,1
>label_1,FAIATPDVYKLVEDIKAKGGIITREPGPVKG,1
>label_1,ERFIEAGSPYVLKLEKADVYRLPYLSSSGPG,1
>label_1,GRNKLEQLLKQGRQSKEDINSTYKIMRRIEA,1
>label_1,AFFLHFSVHASKTDHKEGEDTRILPVHYSHN,1
>label_1,TLSFSFGRALQQSTLKTWGGKKENVGKAQET,1
>label_1,YYKVGARFAKWRAVLKIGPTEPSELSIQQNA,1
>label_1,PFVELLKENNVIPGIKVDKGVVELAGTNGET,1
>label_1,ELLKENNVIPGIKVDKGVVELAGTNGETTTQ,1
>label_1,QSTLKTWGGKKENVGKAQETFLLRCKSNSEA,1
>label_1,GKGILAADESTGTIGKRLSSISVENTEHNRQ,1
>label_1,LYQKTSDGKPFVELLKENNVIPGIKVDKGVV,1
>label_1,AEELIKNAKYIATPGKGILAADESTGTIGKR,1
>label_1,QIGVILRDSHGIAQVKSVTGSKILRILKAHG,1
>label_1,RDSHGIAQVKSVTGSKILRILKAHGLAPEIP,1
>label_1,YTKALSTFQRSSLVEKSRQKPQERMRVLSDV,1
>label_1,VRTQSPKVEMIDSLYKRVSESEDEGIMRELL,1
>label_1,EGLQTNVQRLKTYKAKLVVFPRRARKFKAGD,1
>label_1,PYMPIVREKPTVELVKVTDEMKSFKAYAKLR,1
>label_1,REKPTVELVKVTDEMKSFKAYAKLRIERTNT,1
>label_1,VPFTLEKSELEAEFIKEAAKEKMVQLKGHRS,1
>label_1,KLLAGNRSIAQPYEFKVGAPAGKERKREFVD,1
>label_1,VTTPDGLKYYDVVEGKGPAAQKGSTVQVHFD,1
>label_1,EKLMSKHSTVVDSYEKKTGGREIENRVALIQ,1
>label_1,LHGLVQHYIKLNELEKNRKLNDLLDALDFNQ,1
>label_1,EIGTKDREKEALESQKNESEKKMAELILNLD,1
>label_1,QMEEFRKEIGTKDREKEALESQKNESEKKMA,1
>label_1,ALESHVVEKTQQLKSKDDIITEKEKIIHNMA,1
>label_1,EKTQQLKSKDDIITEKEKIIHNMADSIASLQ,1
>label_1,EPHVQSLTTKATEVYKTSKSAITPHIIKVQE,1
>label_1,SGGVVRTVIINSEGVKRNFYQGDALPLWHEE,1
>label_1,VEKGTNGTDSEFYNPKKKAEKEYLTFLSGFR,1
>label_1,DVPDGWKERLVSKVEKGTNGTDSEFYNPKKK,1
>label_1,QFEYDGLRKDFNKINKEVAKLKILLVTPAYK,1
>label_1,IRCNWATKGAASNDEKQSSDAKSVVELTNGT,1
>label_1,EVPLMEIKYCTEKFLKDSGINHIIIRLCGFM,1
>label_1,RLPSGSAMRVTFLKLKEGLVDTEKKREILDV,1
>label_1,LVEWKGDILAVGVTEKDMAKDENSTFQNSIL,1
>label_1,FVELKEDVQRAFNKDKAEQQRTGLSTPSSSA,1
>label_1,AMHLIPKELSLKIVSKIEAGERFTVYIVVPM,1
>label_1,EEVDSKILPYCSIDEKGKKSLGELEQEFLQA,1
>label_1,AYVAGKPIMSDQEYDKLKIQLKIDGSDIVVE,1
>label_1,ASDDEYVKETEEVINKVRTTINMDKTDPNVA,1
>label_1,AAVAELRETSNTWVSKYRKEKALLGRPSFRD,1
>label_1,LRETSNTWVSKYRKEKALLGRPSFRDIYSAL,1
>label_1,DGSTVRSFVEDEEQFKKSVDERFAAVDLNSD,1
>label_1,RRNRKRPYSRNILNLKRISRPGLRIYSNYQR,1
>label_1,IRVSAKYIEGYSGDVKREITGVLYHEVVHSW,1
>label_1,KVAEIEAFLKSIEDEKLDLERKVVTLSEELS,1
>label_1,DKSVNAASRNYVRDAKAMAATPADVKEYPNS,1
>label_1,DKYVNAPSRNYVRDAKAMAATPADVKEYPNS,1
>label_1,DNLLVISGERKREEEKDGAKYLRMERRVGKL,1
>label_1,EIQALKESVEAEIQEKGSSEKISLVRLLKTK,1
>label_1,PRQRRMSLSPFRSRPKLDDENVDREQRAKAP,1
>label_1,MMKDKGPVWDEIVREKGLVETKLEEVGLWWF,1
>label_1,ESLVAVQYVEEFWKDKSPLLPSDPYQRAQAR,1
>label_1,EKGVEFEFREEDLTNKSQLLLEMNPIHKKIP,1
>label_1,LTNKSQLLLEMNPIHKKIPVLIHNGKPVCES,1
>label_1,NFSIEAECPKFIAWAKRCMERESVAKSLPDP,1
>label_1,PYKRAHARFWADYVDKKVYDGGRKVWTSKKE,1
>label_1,PYQKAQARFWADYVDKKVTCFAVLLFNVFLL,1
>label_1,PYQRAQARFWADYVDKKIYDAARRIWTTKGE,1
>label_1,EQIRSAIELSTSDYDKEKLQERLAKLSGGVA,1
>label_1,KVTKDGVTVAKSIEFKDKVKNVGASLVKQVA,1
>label_1,RTVVIEQSFGGPKVTKDGVTVAKSIEFKDKV,1
>label_1,ARRARVVVASMEKTEKGGWGAVKSIKTWKHL,1
>label_1,TEKGGWGAVKSIKTWKHLDDEKLTTIEGHVL,1
>label_1,TEKGGWGTVKSIKTWKHLDDEKLTAIEGQVL,1
>label_1,AGWARRARVVVASMEKTEKGGWGAVKSIKTW,1
>label_1,AGWARRARVVVASMEKTEKGGWGTVKSIKTW,1
>label_1,ARRARVVVASMEKTEKGGWGTVKSIKTWKHL,1
>label_1,DAAAVLSEEEEKAEAKIGARVRVKVPLKVYH,1
>label_1,LTGKEGVLKQYVVVWKGKRISANLPFKVEFF,1
>label_1,KVYHVPRVPETDLTGKEGVLKQYVVVWKGKR,1
>label_1,AEAKIGARVRVKVPLKVYHVPRVPETDLTGK,1
>label_1,GRNSNSMREFLEKNYKETSGQETVKLAIRAL,1
>label_1,AEEDRLDQLEGTEGDKESDRVSVGPKNFGSS,1
>label_1,VDLFGAALSKDPELVKRIGVATALEVRATGI,1
>label_1,DQRCGVCGPVLIEKFKEEIEQRALQDHVFVS,1
>label_1,LGFDDAFNYKEETDLKSTLKRYFPDGIDIYF,1
>label_1,EKAAENIYIKKIEQEKLEKLARKGPKPEEKP,1
>label_1,VLRQAIRGVTPDIAVKARRVGGSTHQVPIEI,1
>label_1,LPASQPIVVKAKLVSKTAEKKIKEAGGAVVL,1
>label_1,HHRILFDKYHPGYFGKVGMRYFHRLRNKFHC,1
>label_1,SSRMLYRLAQEGFAPKKYFSIDRVFRNEAVD,1
>label_1,IREEGGEKFISLLDMKRPFTPMKALDMDKVI,1
>label_1,AEHIMLVDLGRNDVGKVSKCGSVNVERLMNV,1
>label_1,PGFARGLADGLPKFVKSEGILGLYKGLVPLW,1
>label_1,SFLNNAKGATVGDAVKKIGVLGLFTRGLPLR,1
>label_1,SFHANTTIALFKSKAKAAPAKKVEKPKPKVE,1
>label_1,LAQLTNLGAIHLDRNKLTGTIPESFGKFTGS,1
>label_1,AGEIFVIPRGLVHFQKNVGKGKAMSFAVFNS,1
>label_1,QETVQYPVEHPEKFEKFGMSPSKGVLFYGPP,1
>label_1,RYQIFKSCLRKSPISKDVDLRALAKYTKGFS,1
>label_1,KKHNVRDWLRVIASNKDRNVYELRYFNIAEN,1
>label_1,SSSLVVMMAKREEELKEIRTKTTEEINEEIV,1
>label_1,ELFMLRLQKSARNEFKSSEFRRMRKRIARML,1
>label_1,SSPADAGELFNDLKEKWDAVENKSTVILYGG,1
>label_1,MGEEVGEYQGAYKISKGLLEKYGSERVVDTP,1
>label_1,TRREVSHIFRPFVGYKEVRLVTKEPRRSGDD,1
>label_1,EPLKELLKGESEGLLKLPTDKALLEDPEFHR,1
>label_1,LLKGESEGLLKLPTDKALLEDPEFHRYVELY,1
>label_1,YEKVLEEKRKALLALKTEERKVAVDKELASM,1
>label_1,IICRFEKKGFTLKGLKLQSVERAFAEKHYAD,1
>label_1,EVFSRIDYKFDLMYAKRAFVHWYVGEGMEEG,1
>label_1,EAKVNESRSLLDEREKEAEEAENSRIPQTSD,1
>label_1,EGKVNESGTLLDEKEKEAEEAESSGIPKTSD,1
>label_1,ITDPIMSESEISKEVKESGAGETIAKDVEIT,1
>label_1,TNQKRNEVKKASKFAKGQDLEGTVKNLTRSG,1
>label_1,VHTATNPFLLAFRKNKDIGAFLDEREKEVEL,1
>label_1,SSSVKSDASAAPAQSKRPRPTRKSDMPPVKP,1
>label_1,QEQLTSSGVSEKVEAKVNESRSLLDEREKEA,1
>label_1,QEQLTSSGVSDKVEGKVNESGTLLDEKEKEA,1
>label_1,KVEGKVNESGTLLDEKEKEAEEAESSGIPKT,1
>label_1,ALLEQPFIKDDSILVKDLVKQTVAALGENIK,1
>label_1,VKQLREETGAGMMDCKKALSETGGDLEKAQE,1
>label_1,VPKETVDKEREIEMQKEDLLSKPEQIRSKIV,1
>label_1,QVASPGKEQPAVAEAKGTVDTPPKATISAAL,1
>label_1,LEELALLEQPHIKNDKMVVKDWVKQTIATIG,1
>label_1,PKILLLNVELELKSEKENAEIRLSDPSQYQS,1
>label_1,NASPQTWIKMVNDFQKGSMSTRLGIPMIYGI,1
>label_1,KIGQMSQIERSIASTKVMKKYFVGSVLSGGG,1
>label_1,AARMRVAANEKAEAEKILQIKRAEGEAESKY,1
>label_1,FVNVVASIQYRAMSDKASDAFYKLSNTKGQI,1
>label_1,IQYRAMSDKASDAFYKLSNTKGQIQAYVFDV,1
>label_1,QIQAYVFDVIRASVPKMDLDSTFEQKNDIAK,1
>label_1,RASVPKMDLDSTFEQKNDIAKAVEEELEKAM,1
>label_1,KMDLDSTFEQKNDIAKAVEEELEKAMSAYGY,1
>label_1,NEINAAARMRVAANEKAEAEKILQIKRAEGE,1
>label_1,RNRSKATCNLYALDPKEVHSKVVLCDNGGNI,1
>label_1,GLRASGKKISKEDDYKSARDFAGHGTHTSST,1
>label_1,QSFSKGLRASGKKISKEDDYKSARDFAGHGT,1
>label_1,NNDVQQVHSRGKALAKDVDFEKIARRTPGFT,1
>label_1,RVRILQVHSRGKALAKDVDFEKISRRTPGFT,1
>label_1,EAAILAARRDLKEISKDEISDALERIIAGPE,1
>label_1,LKNPDKYTALGAKIPKGCLLVGPPGTGKTLL,1
>label_1,VDFLKNPDKYTALGAKIPKGCLLVGPPGTGK,1
>label_1,IKATAGGGGRGMRLAKEPDEFVKLLQQAKSE,1
>label_1,NFIGPNPDSIRVMGDKATARETMKNAGVPTV,1
>label_1,IILLGTWISIFSTRVKIALAEKEVDYEFREE,1
>label_1,VILLDFWVSPFATRVKIALAEKGVDYESREE,1
>label_1,LQETFRPHYPSVKGAKVVTDRMTGRTKGYGF,1
>label_1,VKGAKVVTDRMTGRTKGYGFVRFGDESEQLR,1
>label_1,ELPDTLISDANKALSKNTDDKAAQEAVANVF,1
>label_1,VLESIIGKHGVSPAAKKSLAARVSELLKEKP,1
>label_1,GFQPKWGLKDIPIMPKGRYEIMRNYMPKVGT,1
>label_1,LTATLAHKFELIGSSKIKITFEKTTVKTGGN,1
>label_1,ATLAHKFELIGSSKIKITFEKTTVKTGGNLS,1
>label_1,SGLNRGLAATEDDIQKADAAAKELEAVGGPV,1
>label_1,KFELIGSSKIKITFEKTTVKTGGNLSQIPPL,1
>label_1,NIINGGLECGKGSNAKAEDRIGFYKRYCDLF,1
>label_1,YSAYEHWAKIEVPKDKDELATLQARLRKRFP,1
>label_1,GMVNLALLDRVLEVDKEKKTVRVEAGIRVQQ,1
>label_1,QNIKYFYDIKDLGDFKANPDYKGVCHIALAQ,1
>label_1,ESEETRELCKREKIDKVPHFSFYKSMEKIHE,1
>label_1,CKREKIDKVPHFSFYKSMEKIHEEEGIGPDQ,1
>label_1,HSIGQFDEALRMAKNKLVVVEYAASHSKQSS,1
>label_1,DMVKDGNLKFQNSILKKLDSHLGGLLAEASL,1
>label_1,AGSQADRILKAEAEAKELAEQLKKTQVSDGR,1
>label_1,ILKAEAEAKELAEQLKKTQVSDGRGKKQQPM,1
>label_1,KQKAEEAASGLSDGLKGFQKMVFDLLYKVAD,1
>label_1,ASYRDNAWKPKFEVEKEKQKAEEAASGLSDG,1
>label_1,ESIRLTAWKPKFEVEKEKQKSEEASAGLSEG,1
>label_1,KARKYAIVKVLDEPVKLKDGTIVLQFETRLQ,1
>label_1,HGLLVSEKARKYAIVKVLDEPVKLKDGTIVL,1
>label_1,YGLLVSEKARKYAIVKVLDEPVKLKDGTIVL,1
>label_1,AERRKPWMRSLHRTDKLSSLSESREILKFAR,1
>label_1,VHGGYNGVLKEAKVFKELVLSDTSRGLVNVF,1
>label_1,LWYHLSKTLAEDAAWKFAKEKCIDMVVINPS,1
>label_1,FCKEKLERDPNITKEKASEFRHVLAVLDDLS,1
>label_1,LKASGHVDKFTDLMVKDEKTGTCYRADHLIK,1
>label_1,LKASGHVDKFTDLMVKDEKTGTCYRADHLLK,1
>label_1,LVQNQQYEEVAKRIAKSLTAAGISYKIDITV,1
>label_1,RFANIVCKKADVDMNKRAGELTNQELDNLMT,1
>label_1,KDGKFSQVTSNALDMKLRDDLERLKKIRNHR,1
>label_1,EFQHILRVQNTNVDGKQKIMFAMTSIKGIGR,1
>label_1,IPDKEKLDRLKLAEIKHARLAMVAMLIFYFE,1
>label_1,VNGVYIPDKEKLDRLKLAEIKHARLAMVAML,1
>label_1,GRRGGERKKSVTKSIKAGLQFPVGRIARYLK,1
>label_1,IAYSADDTSLREAFNKYGEVVEARVIVDRET,1
>label_1,TVIREEVGLTLDKADKEVLGHAAKVVLTKDA,1
>label_1,LTLDKADKEVLGHAAKVVLTKDATTIVGDGS,1
>label_1,TRGIEKTAKALVGELKLMSKEVEDSELADVA,1
>label_1,ATTIVGDGSTQEAVNKRVSQIRNLIEVGFSL,1
>label_1,PSPRINAMAKDLYFNKDGSAIKKLQSGVNKL,1
>label_1,TGGTVIREEVGLTLDKADKEVLGHAAKVVLT,1
>label_1,EALATLVVNKLRGALKIAALKAPGFGERKSQ,1
>label_1,LVVNKLRGALKIAALKAPGFGERKSQYLDDI,1
>label_1,GVNKLADLVGVTLGPKGRNVVLESKYGSPKI,1
>label_1,GIVVGGGCTLLRLASKVDSIKESLDNDEEKR,1
>label_1,GGCTLLRLASKVDSIKESLDNDEEKRDLWYG,1
>label_1,PKGRNVVLESKYGSPKIVNDGVTVAKEVELE,1
>label_1,GANPVLITRGIEKTAKALVGELKLMSKEVED,1
>label_1,DIVKRALSYPLKLIAKNAGVNGSVVSEKVLS,1
>label_1,LIAKNAGVNGSVVSEKVLSSDNPKFGYNAAT,1
>label_1,VIKGRKLGERDPHHNKGLAFTEKERDAHYLR,1
>label_1,GERDPHHNKGLAFTEKERDAHYLRGLLPPVT,1
>label_1,FKRPQGLYISLKEKGKILEVLKNWPEKSIQV,1
>label_1,LYISLKEKGKILEVLKNWPEKSIQVIVVTDG,1
>label_1,KRLVWKVEGARDEEFKVLRGGPVDPIKQVVE,1
>label_1,INAYWTGFFTSRPALKGYVRMMSGYYLAARQ,1
>label_1,RPGEKQKSLEKDAGEKTIAWLDKLRNSNGSI,1
>label_1,NSEGERFMERYAPTAKDLASRDVVCRSMTME,1
>label_1,TVENFLERRLQTLVFKTGMAKSIHHARVLIR,1
>label_1,SRIRNAARMLLTLDEKNPRRIFEGEALLRRM,1
>label_1,KLPFQRLVREIAQDFKTDLRFQSSAVAALQE,1
>label_1,RKSTGGKAPRKQLATKAARKSAPATGGVKKP,1
>label_1,FRPGTVALREIRKYQKSTELLIRKLPFQRLV,1
>label_1,LENYAYNMRNTIKDEKISSKLGPDDQKKIEA,1
>label_1,AYNMRNTIKDEKISSKLGPDDQKKIEAAIEQ,1
>label_1,CMEPVEKCLRDAKMDKSSVHDVVLVGGSTRI,1
>label_1,QFAAEEISSMVLIKMKEIAEAFLGSTVKNAV,1
>label_1,DANQLAESDEFEDKMKELEGICNPIIAKMYQ,1
>label_1,SKEEIEKMVQEAEKYKAEDEDHKKKVEAKNA,1
>label_1,KNALENYAYNMRNTIKDEKISSKLGPDDQKK,1
>label_1,KPVEHFLRAVDEVSLKDIASIAQKLISTPLT,1
>label_1,YEALKQYLAGGQDTSKLGRGSLIIAGGLAGA,1
>label_1,YEGLKQYLAGGQDTSKLGRGSLIVAGGLAGA,1
>label_1,SEIDSLARFAVDEHNKKENACLEFSKVVNVK,1
>label_1,GSSDLFNLHKKGMKIKTDTPIAKKAREGVME,1
>label_1,DEMMDELRMKPLDDVKDKEFESDFEDLYETD,1
>label_1,LHEKHKSKKDPENAHKHKIEEEIAAAVAVGA,1
>label_1,LKGKESSEKEQVGDAKDVDYEKKEESSVSNV,1
>label_1,STNKNKGYAFVKFATKEQASRALSEMKNPLI,1
>label_1,LAYCDKMVGTGPEAVKGQLIKAHYVGKLDNG,1
>label_1,EGTVKATDFKKITTGKNDKGLKLYDPGYLNT,1
>label_1,WPGGKRFEDKFVEMLKKYGYKGSYMSKDWLR,1
>label_1,AANHPTDPEADEILSKKGVIILPDIYANSGG,1
>label_1,FRHAARILGLDSKLEKSLLIPFREIKVECTI,1
>label_1,FVEKAPEEIVRGVQEKAVEAKEKLTLTENRL,1
>label_1,SYGGGDRSVGQDDCFKCGRPGHWARDCPSAG,1
>label_1,IPHSDKRFAGFSKDSKQLDAEVHRKYIYGGH,1
>label_1,GLDIPHSDKRFAGFSKDSKQLDAEVHRKYIY,1
>label_1,GKTDYRARIRLINQDKNKYNTPKYRFVVRFT,1
>label_1,AEVRLQIFGQNKLEEKTENKFLKFLSFMWNP,1
>label_1,GVCVKMITGDQLAIAKETGRRLGMGTNMYPS,1
>label_1,GVNVKMITGDQLAIAKETGRRLGMGTNMYPS,1
>label_1,AVMRAARAEISAALNKMKKETTMEVEQKLAE,1
>label_1,IKEKLGSVKDTSAEVKQLEEQAAAVMRAARA,1
>label_1,PLGNFMDQRDAAIKEKLGSVKDTSAEVKQLE,1
>label_1,MDQRDAAIKEKLGSVKDTSAEVKQLEEQAAA,1
>label_1,ALNKMKKETTMEVEQKLAEERKKLEAELQEA,1
>label_1,SEGLQEFTAVFFRIFKDQNKKFVVLMCGDQS,1
>label_1,LRDPKRFTRLGGKLPKGVLLVGPPGTGKTML,1
>label_1,YLLRIMKYRGPKTEDKTNVGARDHTDKTFMT,1
>label_1,PIAAEVFKKAGTYDPKRLLGVTMLDVVRANT,1
>label_1,KMEESSILRRANCRAKGGAPGFKVAILGAAG,1
>label_1,LKIQKEHGKLLKDFNKGLVNNKDIEELKADV,1
>label_1,HGKLLKDFNKGLVNNKDIEELKADVEKFAGS,1
>label_1,VALKQVMTPGFKEYAKQVRANAVALGNYLMS,1
>label_1,AEFLHRSVTITLKIQKEHGKLLKDFNKGLVN,1
>label_1,LFHPKYKHSKSKSYHKIGKSIAIHYGSGSVS,1
>label_1,AASGAVKHEDLVEQVKKLFTKLSSDPTTTSE,1
>label_1,AVKDVLDSMHKDAGEKGEVKNEKGEFLLRVD,1
>label_1,SMHKDAGEKGEVKNEKGEFLLRVDGGATVNN,1
>label_1,VAVDNKPVRSKAELYKALDDYNVGDKVLLKI,1
>label_1,HVSFSYARALQNTCLKTWGGRPENVKAAQET,1
>label_1,QNTCLKTWGGRPENVKAAQETLLIRANANSL,1
>label_1,TLLIRANANSLAQLGKYTGEGESEEAKKGMF,1
>label_1,GRGILAMDESNATCGKRLASIGLENTEANRQ,1
>label_1,GILLKPSMVTPGAECKERATPQEVADYTLKL,1
>label_1,VRAVTSYADELIKTAKTVASPGRGILAMDES,1
>label_1,QLGLAIDSTKATLAVKRRIACEMVKYWQQAQ,1
>label_1,PLLLVPKAQNLEYLVKLVKEGKLKTVIDSKY,1
>label_1,QNLEYLVKLVKEGKLKTVIDSKYHLSKAEEA,1
>label_1,ADEVIDYKTPEGQALKSPSGKKYDAVIHCAM,1
>label_1,EGKLKTVIDSKYHLSKAEEAWAKIMDGHATG,1
>label_1,YVICNGCKSPDTILSKENRLFFLRCEKCGSG,1
>label_1,ANSRAKAIDDAEGIVKIVAEKETDKILGVHI,1
>label_1,KAIDDAEGIVKIVAEKETDKILGVHIMAPNA,1
>label_1,DYRVGKFPFMANSRAKAIDDAEGIVKIVAEK,1
>label_1,DKAVTNLTRGIEGLFKKNKVNYVKGYGKFIS,1
>label_1,FTAGLGLDKIGVETDKVGRVTVNERFATNVP,1
>label_1,RIVSSTGALALTEIPKKLVVIGAGYIGLEMG,1
>label_1,VTNLTRGIEGLFKKNKVNYVKGYGKFISPSE,1
>label_1,TGSDVKSLPGITIDEKRIVSSTGALALTEIP,1
>label_1,THPEVASVGKTEEQVKTLGVDYRVGKFPFMA,1
>label_1,QRALEKQKMKFMLKTKVVSVDTSGDVVKLTL,1
>label_1,TADGPKHIETTITRAKFEELCSDLLDRLKRP,1
>label_1,KFAKEDKEKRDAIDTKNQADSVVYQTEKQLK,1
>label_1,TYAKEDKEKRDAIDTKNQADSVVYQTEKQLK,1
>label_1,AANFKRDEGIDLLRDKQALQRLTETAEKAKM,1
>label_1,EINVLQGEREFVRDNKSLGSFRLDGIPPAPR,1
>label_1,LGDKVPAPVKEKVEAKLGELKDAISGGSTQT,1
>label_1,LGDKVPAPVKEKVEAKLGELKDAMSGGSTQA,1
>label_1,PAPVKEKVEAKLGELKDAISGGSTQTMKDAM,1
>label_1,SVVYQTEKQLKELGDKVPAPVKEKVEAKLGE,1
>label_1,EKQLKELGDKVPAPVKEKVEAKLGELKDAIS,1
>label_1,EKQLKELGDKVPAPVKEKVEAKLGELKDAMS,1
>label_1,GDEVERMVKEAEKFAKEDKEKRDAIDTKNQA,1
>label_1,VLRKLVDDASKFLNDKVTKAVVTVPAYFNDS,1
>label_1,KLVDDASKFLNDKVTKAVVTVPAYFNDSQRT,1
>label_1,IINEPTAASLAYGFEKKNNETILVFDLGGGT,1
>label_1,LKDKQALQRLTETAEKAKMELSSLTQTNISL,1
>label_1,LRDKQALQRLTETAEKAKMELSSLTQTNISL,1
>label_1,EISAQVLRKLVDDASKFLNDKVTKAVVTVPA,1
>label_1,TGASTLPGDEVERMVKEAEKFAKEDKEKRDA,1
>label_1,KRQAVVNSENTFFSVKRFIGRKMSEVDEEAK,1
>label_1,KRQAVVNSENTFFSVKRFIGRKMSEVGEEAK,1
>label_1,KNQADSVVYQTEKQLKELGDKVPAPVKEKVE,1
>label_1,VTVPAYFNDSQRTATKDAGRIAGLEVLRIIN,1
>label_1,MESHEERLHKLVMQSKINETKDIMKRKASEI,1
>label_1,NFSIEAECPKLISWAKRCMERESVAKTLPDP,1
>label_1,LFLTVDVDDVKEVATKYEVKAMPTFLLMKDG,1
>label_1,GAQVDKIVGANPDEIKRRIEGLVQSTHVYVA,1
>label_1,DKNITADVMKSLNIPKGVRRVLFRTLNTDRR,1
>label_1,SRWTGIPVTRLGQNDKERLIGLADRLHTRVV,1
>label_1,PLSHDQLTKVARLQLKDVAKRLAERGIALGV,1
>label_1,IQIPTGPRSDAAQAVKKMKIEEIDEDDEMDE,1
>label_1,VKGNVEPEAVLQTVSKTGKKTTFWEAEAPAE,1
>label_1,FVVVEFYAPWCGHCKKLAPEYEKAASALSSH,1
>label_1,TLKILRNGGKNIQDYKGPRDAEGIVAYLKKQ,1
>label_1,HDPPIILAKVDANEEKNKGLAGEFEIKGFPT,1
>label_1,DQKISAIKDIIPLLEKTTQLRAPLLIIAEDI,1
>label_1,AALVHLSTGVPAIKDKLEDADERLGADIVQK,1
>label_1,TITKDSTTIIADAASKDEIQARIAQIKKELS,1
>label_1,AMENAGAALIREVASKTNDSAGDGTTTAAVL,1
>label_1,LVVNKLRGILNVAAIKAPSFGERRKALLQDI,1
>label_1,ENAKVLVTDQKISAIKDIIPLLEKTTQLRAP,1
>label_1,KGIDKTVQGLVEELEKKARPVKGRDDIKAIA,1
>label_1,LIVEFENAKVLVTDQKISAIKDIIPLLEKTT,1
>label_1,RRSYMKAVRNVARTEKDAQVKFKLYDPSEFH,1
>label_1,GAEVIGISGDDPSSHKAFAKKNRLPFTLLCD,1
>label_1,FAKVNKGGVPPNFSLKDQDGRNVSLSKFKGK,1
>label_1,KKNRLPFTLLCDEGNKIRKEWGVPSDLFGTL,1
>label_1,NFSLKDQDGRNVSLSKFKGKPVVVYFYPADE,1
>label_1,SSASSLKTSIFAKVNKGGVPPNFSLKDQDGR,1
>label_1,IVLQGRHAGSKAVIAKNFDDGTRDRPYGHCL,1
>label_1,PNKAVIVLQGRHAGSKAVIAKNFDDGTRDRP,1
>label_1,GSLRAAWRIVSSIEQKEEGRKNEEHVVLVKD,1
>label_1,QKEEGRKNEEHVVLVKDYRSMVESELSDVCA,1
>label_1,PSASASESKVFYLKMKGDYHRYMAEFKVGTQ,1
>label_1,PSASSAESKVFYLKMKGDYHRYLAEFKTGAE,1
>label_1,PSASSAESKVFYLKMKGDYHRYLAEFKTGSE,1
>label_1,KRHRKVLRDNIQGITKPAIRRLARRGGVKRI,1
>label_1,ATKMATVDKAEELLEKLRSASWNAAVQDMED,1
>label_1,ATKMATVDKAEELLEKLRSASWNSAVQDMED,1
>label_1,RLVVVWGAVNHLKSVKDNPQLRSAIEEVQPE,1
>label_1,LRGPRGAMIFFRKGLKEINKQGQEVMYDYED,1
>label_1,LPHGGHLSHGYQTDTKKISAVSIFFETMPYR,1
>label_1,SGGTDNHLVLVNLRNKGIDGSRVEKVLELAH,1
>label_1,SGGTENHLVLVNLKNKGIDGSRVEKVLESVH,1
>label_1,LVNLKNKGIDGSRVEKVLESVHIAANKNTVP,1
>label_1,LVNLKNMGIDGSRVEKVLESVHIAANKNTVP,1
>label_1,STEGIEKTSSAIKALKQIGAYPDAEKAKDSQ,1
>label_1,TKIWRRWHRRINVNQKRYAVASAIAASAVPS,1
>label_1,LPYSCRAGSCSSCAGKLTGGKVDQSDGSFLD,1
>label_1,SGLDRSWQRPPGVRAKLIDSKTANGLYYIEY,1
>label_1,RGASIRVGRDTEKAGKGYFEDRRPASNMDPY,1
>label_1,TRSDGGFEVIKKAIEKLGLRHKEHIAAYGEG,1
>label_1,FEVIKKAIEKLGLKHKEHIAAYGEGNERRLT,1
>label_1,FEVIKKAIEKLGLRHKEHIAAYGEGNERRLT,1
>label_1,EGDWNGAGAHTNYSTKSTRSDGGFEVIKKAI,1
>label_1,YSTKSMRSDGGFEVIKKAIEKLGLKHREHIA,1
>label_1,YSTKSTRSDGGFEVIKKAIEKLGLRHKEHIA,1
>label_1,LRSKARTLSGPVSDPKKLPKWNYDGSSTGQA,1
>label_1,IEGVKGPGKLATPFEKTKLAAYTLGAMTPCM,1
>label_1,RMIADVSKSDKIVVEKSTVPVKTAEAIEKIL,1
>label_1,KPAFVFDGRNVVNADKLRDIGFIVYSIGKPL,1
>label_1,WESAARMIADVSKSDKIVVEKSTVPVKTAEA,1
>label_1,DNVLVISGERKREEEKEGAKYVRMERRVGKL,1
>label_1,VRRHFSEEVRGSFLDKSEVADRVISVAKNFQ,1
>label_1,SEVADRVISVAKNFQKVDPSKVTPTAHFQND,1
>label_1,AKHFAISAKIPEFTNKDRTLVLQYSIKFEQD,1
>label_1,DDGIWRAKKVPNPAYKGPWKRKKIKNPNYKG,1
>label_1,EDGIWKPPKVPNPAYKGPWKRKKIKNPNYKG,1
>label_1,ASDPEKKATLQLAEIKHARLAMIAFLGFAVQ,1
>label_1,ASDPEKKATLQLAEIKHARLAMVAFLGFAVQ,1
>label_1,GGKFFDPLGLASDPEKKATLQLAEIKHARLA,1
>label_1,RFGFGRKKAPPKKIAKQGFDRPLWFPGAKAP,1
>label_1,IGYIEFQRNAELDPEKRLYPGGKFFDPLGLA,1
>label_1,VGDITKESTLVPEYFKGVKKVINAVSVIVGP,1
>label_1,PERAKYSQIKGDSPEKVEFIGMKNLINAVKG,1
>label_1,DPENPPPEKDYNIYFKTLKEGITGKEILEQS,1
>label_1,NPPPEKDYNIYFKTLKEGITGKEILEQSPLL,1
>label_1,KRARIAEKKKRIAKAKSEAADYQKLLATRLK,1
>label_1,PTTGCQKKLEIDDDQKLRAFFDKRISQEVSG,1
>label_1,GPKRASKIRKLFNLSKEDDVRKYVNTYRRTF,1
>label_1,QATDVDLARREVKNVKAELVKLYSKHIGKSP,1
>label_1,QVVGRALPTETDEHPKIYRMKLWATNEVRAK,1
>label_1,TKQFHNSKIKFPLVFKKVRPPSRKLKTTYKA,1
>label_1,MIAPVVDELAKEYAGKILCYKLNTDDCPSIA,1
>label_1,ATEYGIRSIPTVLFFKNGERKESIIGAVPKS,1
>label_1,HLQFPSFADRLETAVKRVISEGKHRTKDLGG,1
>label_1,MTCREGVIEIAKIIYKVHDEAKDKAFELEMS,1
>label_1,VIEIAKIIYKVHDEAKDKAFELEMSWVCDES,1
>label_1,VIEIAKIIYKVHDEAKDKAFELEMSWVCEES,1
>label_1,ATQTQNPVAQLQAKFKELEAGFKAWLAKQSL,1
>label_1,IEITMGELKKLVEEGKIKYVGLSEASASTIR,1
>label_1,IEVTMGELKKLVEEGKIKYIGLSEASASTIR,1
>label_1,GFLSSGPKLVENFANKDFRQHLPRFQPENVE,1
>label_1,EHNKNMFERVNEIAEKKGCTPGQLALAWVHH,1
>label_1,RQHLPRFQPENMEHNKKMFEQVNEIAEKKGC,1
>label_1,TRFLATEESYAHPTYKRKLVELENTEYTDVF,1
>label_1,EGKPINRKLIGLKKEKLSHFRFYWHDILSGN,1
>label_1,GTGFGHFAIATKDVYKMVEDIRAKGGNITRE,1
>label_1,TGAHFNPYKKTHGAPKDEIRHAGDLGNIIAN,1
>label_1,KPTKPGLEESQEQIHKIRITLSSKNVKNLEK,1
>label_1,ESQEQIHKIRITLSSKNVKNLEKGIEAKSLT,1
>label_1,EQIHKIRITLSSKNVKNLEKGIEAKSLTKYR,1
>label_1,EKVNNMVLFDKATYDKLLSEAPKYKLITPSI,1
>label_1,KGKQKEKVNNMVLFDKATYDKLLSEAPKYKL,1
>label_1,IGHFLLSPSSALKIQKGDITRWFVDGSSDAI,1
>label_1,VYIESCMRKIQKERAKKEKLEADRQNGHNDV,1
>label_1,YIESCMRKIQKERAKKEKLEADRQNGHNDVT,1
>label_1,ESCMRKIQKERAKKEKLEADRQNGHNDVTTN,1
>label_1,QLFRRQAQLNPDTAPKLRSALPELPEDLLQE,1
>label_1,DRETGRSRGFGFVTFKDEQSMRDAIEGMNGQ,1
>label_1,GGRTLRVNFSDKPKPKEPLYPETEYKLFVGN,1
>label_1,VYSLDYARTRLANDAKAAKKGGERQFNGLID,1
>label_1,VYSLDYARTRLANDAKAAKKGGERQFNGLVD,1
>label_1,VYSLDYARTRLANDAKAAKKGGGRQFNGLID,1
>label_1,IERVKLLIQNQDEMLKTGRLAEPYKGIGECF,1
>label_1,SSIDAFSQILKNEGAKSLFKGAGANILRAIA,1
>label_1,SSLDAFSQILKNEGAKSLFKGAGANILRAIA,1
>label_1,AFSQILKNEGAKSLFKGAGANILRAIAGAGV,1
>label_1,YCINSYREAAVSSDPKFDHIDLADKQKVLNE,1
>label_1,SRVPALIRILTEFFGKDPRRTMNASECVAKG,1
>label_1,KRTYRFIVYKIEEEQKEVVVEKVGEPANSYE,1
>label_1,PDTSRVRSKMIYASSKDRFKRELDGIQVELQ,1
>label_1,WVSPFATRVKIALAEKGVDYESREEDLSNKS,1
>label_1,STGVFTDKDKAAAHLKGGAKKVIISAPSKDA,1
>label_1,STGVFTDKDKAAAHLKGGAKKVVISAPSKDA,1
>label_1,STGVFTDKEKAAAHLKGGAKKVIISAPSKDA,1
>label_1,RLEKKATYDEIKAAIKAASEGNMKGILGYTE,1
>label_1,RAASFNIIPSSTGAAKAVGKVLPALNGKLTG,1
>label_1,FNIIPSSTGAAKAVGKVLPALNGKLTGMAFR,1
>label_1,DLTVRLEKKATYDEIKAAIKAASEGNMKGIL,1
>label_1,GAAKAVGKVLPALNGKLTGMAFRVPTVDVSV,1
>label_1,HSITATQKTVDGPSSKDWRGGRAASFNIIPS,1
>label_1,HLKGGAKKVIISAPSKDAPMFVMGVNEKDYK,1
>label_1,VRNLIREVAGFAPYEKRITELLKVGKDKRAL,1
>label_1,VAGFAPYEKRITELLKVGKDKRALKVAKRKL,1
>label_1,DLVPFSNKIYSGDLQKRLGITAGLCVLIKNE,1
>label_1,GKIVVCDRGGNARVAKGSAVKLAGGVGMIMA,1
>label_1,RYIYTQRFKDANVNDKVILNKVLLVGTKNST,1
>label_1,QYIVFPGRYIYTQRFKDANVNDKVILNKVLL,1
>label_1,LMTDNRIRHIPVIDDKEMKGMVSIGDVVRAV,1
>label_1,KVGDIMTEENKLITVKPDTKVLKAMQLMTDN,1
>label_1,IMTEENKLITVKPDTKVLKAMQLMTDNRIRH,1
>label_1,YLRKIIVQGRSSKSTKVGDIMTEENKLITVK,1
>label_1,KYNSRVALPENVEFEKIKAEVKDGVLYITIP,1
>label_1,LKTWQGHPKNVEAAQKALLARAKANSLAQLG,1
>label_1,CQGLDGLASRSAEYYKQGARFAKWRTVVSIP,1
>label_1,DDGRIGPRDDPKIRAKILSEEFGWDKDLAKK,1
>label_1,DDGRIGPRDDPKVRAKILSEEFGWDKDLAKK,1
>label_1,MGPNYVPGEKKDLYVKSVQRTVIWMGKKQET,1
>label_1,LVKFTADELRRIMDMKHNIRNMSVIAHVDHG,1
>label_1,GWAFTLTNFAKMYASKFGVDEAKMMERLWGE,1
>label_1,GLDQFITKNATLTNEKETDAHPIRAMKFSVS,1
>label_1,GLDQYITKNATLTNEKETDAHPIRAMKFSVS,1
>label_1,WPMLQKLGVTMKSDEKDLMGKALMKRVMQTW,1
>label_1,SDKGRFFAFGRVFAGKVSTGLKVRIMGPNYV,1
>label_1,YKAKKVSEEEYVKAMKEEINKVVKLQEELDI,1
>label_1,VSEEEYVKAMKEEINKVVKLQEELDIDVLVH,1
>label_1,DVKFSYASHKAVNEFKEAKALGIQTVPVLVG,1
>label_1,VPELGPDVKFSYASHKAVNEFKEAKALGIQT,1
>label_1,LKGVTGFGFDLVRGTKTLDLIKGGFPSGKYL,1
>label_1,HRRATNVSARLDAQQKKLNLPILPTTTIGSF,1
>label_1,MDADVITIENSRSDEKLLSVFREGVKYGAGI,1
>label_1,LESFWDGKSTAEDLQKVSADLRSSIWKQMAE,1
>label_1,RREYKAKKVSEEEYVKAMKEEINKVVKLQEE,1
>label_1,IVVGTPGRILALARDKELGLKNVRHFILDEC,1
>label_1,IIDTLVGPSLKDEVMKIMPVQKQTRAGQRTR,1
>label_1,IKEHQIIDTLVGPSLKDEVMKIMPVQKQTRA,1
>label_1,RGRGRRRGPRREEEEKWVPVTKLGRLVKDGK,1
>label_1,RGPRREEEEKWVPVTKLGRLVKDGKIRSLEQ,1
>label_1,NKIGKPHTVPCKVTGKCGSVTVRMVPAPRGA,1
>label_1,DSHRKAAAATASGKFKEEIIPVATKIVDPKT,1
>label_1,FQGLTEYEQKALEALKPELKSSIEKGIGFAQ,1
>label_1,ADDGKIKLFPVILLPKEKLVDTNGAGDAFVG,1
>label_1,EKKQLVTDEAGLAAEKEKLINGSEEDSSSNQ,1
>label_1,YVLNVVKKAENLMLEKGENKEYLPIEGLAAF,1
>label_1,RIKSVRQILFDSLSAKDKSGKDWSFILKQIG,1
>label_1,PGAKVVISSPTWGNHKNIFNDARVPWSEYRY,1
>label_1,KIENLQSHDNNEIYEKAVKILETYWLEDEDE,1
>label_1,KKVQKKSSSKKGEKEKDDIDEDGETAEEKEV,1
>label_1,VPNETVPPQQDAKIVKEEQHNKETPTEKVDK,1
>label_1,AAVDKDNMEDSEQKNKVEIDETSKEKPESDD,1
>label_1,EDSEQKNKVEIDETSKEKPESDDVGNKSLLM,1
>label_1,TLSRFSLERLKPQEEKTEEDRSKVDDLRGSP,1
>label_1,QKYITKGFVSEEESGKRLAQVVSDPTMTKSG,1
>label_1,PLFRILFPPFQKYITKGFVSEEESGKRLAQV,1
>label_1,VKNGNTGYDEIRAAIKEAKTVTDKPTLIKVT,1
>label_1,GNTGYDEIRAAIKEAKTVTDKPTLIKVTTTI,1
>label_1,NKANSYSVHGSALGAKEVDATRKNLGWPYEP,1
>label_1,KAIGIDRFGASAPAGKIYKEFGITAEAVIAA,1
>label_1,AGSTFGWTKHIGSKGKAIGIDRFGASAPAGK,1
>label_1,IEAGSTFGWTKHIGSKGKAIGIDRFGASAPA,1
>label_1,EAEWNAKFAEYEKKYKEEAAELKSIISGELP,1
>label_1,ASSNMTLLKMFGDFQKNTPEERNLRFGVREH,1
>label_1,NLGWPYEPFHVPEDVKKHWSRHVPEGAALEA,1
>label_1,LMLRPADGNETAGAYKVAVLNRKRPSILALS,1
>label_1,VLNRKRPSILALSRQKLSHLPGTSVEGVEKG,1
>label_1,AAVETLNKTETALVDKSVNTIRFLAIDAVEK,1
>label_1,PMGHILYDEIMRYNPKNPCWFNRDRFVLSAG,1
>label_1,LRNAMGKDNIDEIKAKLDAANKAVSKIGQHM,1
>label_1,LRSAMGKDDVEDIKAKLDAANKAVSKIGQHM,1
>label_1,KDDVEDIKAKLDAANKAVSKIGQHMSGGSGD,1
>label_1,KDNIDEIKAKLDAANKAVSKIGQHMSGGSGG,1
>label_1,TKRLIGRRFDDPQTQKEMKMVPYKIVRAPNG,1
>label_1,GTTNSCVSVMEGKNPKVIENAEGSRTTPSVV,1
>label_1,ADTTIYSIEKSVNEYKDKVPSEVVSEIESAV,1
>label_1,FLVSEFKRTESIDLSKDKLALQRLREAAEKA,1
>label_1,STEGIEKTSAAIKALKQIGAYSDAEKAKDSQ,1
>label_1,AIKALKQIGAYSDAEKAKDSQAIRPGKGKMR,1
>label_1,KSKKEKLDQKRKPITKEEAAKIKAGGKAWYK,1
>label_1,VSDSTEGIEKTSAAIKALKQIGAYSDAEKAK,1
>label_1,EGLLRFETPALFERDKFSWFRDEEFSRQTLA,1
>label_1,FTNKSYLPSQTPDGLKRLREEDLENLRGNGQ,1
>label_1,GSKVKYELDKTSGLIKVDRVLYSSVVYPHNY,1
>label_1,LALEEIKLKFIDTSSKFGHGRFQTVEEKQKF,1
>label_1,LLAQTSRLALEEIKLKFIDTSSKFGHGRFQT,1
>label_1,GQESHTAVTEFDRTEKDITPMGGFPHYGVVK,1
>label_1,GTYRSIEHRAVVNSSKERLSIATFYNPRLDR,1
>label_1,DLNDEYRKVMKEFAAKLEKLAEELLDLLCEN,1
>label_1,RMTKEHYKKCMEQRFKEVVASKVLEGVQAEV,1
>label_1,FDDYMKLYATVKFQAKEPRFEAMKATEANVN,1
>label_1,KVSNGSDLYRILDQCKVGDKVTVEVLRGDHK,1
>label_1,FDQDKDVAVLRVDAPKDKLRPIPVGASADLL,1
>label_1,DQSTYDAKVVGFDQDKDVAVLRVDAPKDKLR,1
>label_1,IHLRLVRELEKKFSGKDVVLIATRRIMRPPK,1
>label_1,AEIVGKRIRYRIDGSKIIKIFLDPKARNDTE,1
>label_1,YRIDGSKIIKIFLDPKARNDTEYKLETFTGV,1
>label_1,VLTARDEKKGFEALEKLKSDGLSDHVVFCQL,1
>label_1,ICNELFSEVDVKLVFKEVTSKFLRKRIVEGG,1
>label_1,LPQPAAHAVAVKAPEKVDEDDLSRRLAELKS,1
>label_1,GFAVEMKIMTSTVDMKDESRGRSVQKAKIEI,1
>label_1,QLVESEHLMKALLEQKDGLARRIFAKAGLDN,1
>label_1,VVFADPSILDRVLQDKHLIDGRTVEAKRAMS,1
>label_1,SAMPELLRSAKLAVEKGIAQGRNGSYVKQLS,1
>label_1,KAKVEAELPDAKDEEKYARCEREAVNLSLVN,1
>label_1,AFMARNIANLVPGFNKLRYSGVGAVIEYAVA,1
>label_1,LVNLLTYPYVQDRVAKGTLKLMGGHYDFVNG,1
>label_1,GLPAKAKVEAELPDAKDEEKYARCEREAVNL,1
>label_1,HGDPAYVRAACEASLKRLDTNCIDLYYQHRI,1
>label_1,DDPPTGLDKAVIPPGKSLRSALGLKEGGPLF,1
>label_1,GDRGRFVDDPPTGLDKAVIPPGKSLRSALGL,1
>label_1,AVIPPGKSLRSALGLKEGGPLFGFTKSNELF,1
>label_1,IPPNTIVEARDLWEHKTLKTRFVGNLTVTVD,1
>label_1,CWAEIDRDNEGNLMAKKSTFPSGIKALADYV,1
>label_1,MEIIANKEVIAVNQDKLGVQAKKVRMEGDSE,1
>label_1,LKASIEAIEKIEAELKGKTQFFGGESIGYWD,1
>label_1,IFNKSHLLLELNPVHKKVPVLIHGQKVILES,1
>label_1,IQRLDRMLKKAISEAKADEFALKKNILSAFA,1
>label_1,FVNFINEKCGTSRDSKGQLTSKAGIVEHLDT,1
>label_1,LDTLVKEFVSAGNDEKKAVYGKIEEEVEKLK,1
>label_1,DEKKAVYGKIEEEVEKLKGSPARYGKIYLKA,1
>label_1,APWCGHCKNLAPTYEKVATAFKLEGDVVIAN,1
>label_1,GVSGFPTLKFFPKSNKAGEDYDGGRDLDDFV,1
>label_1,LEGDVVIANLDADKYKDLGEKYGVSGFPTLK,1
>label_1,RAFMAMANKGMEEDLKKLGVVDAEYKRVPCV,1
>label_1,CIAIAGVAIYSFIKAKLEEEKRVSPSEIFSN,1
>label_1,VCIPPAIILEGPKLMKHGFSDAIAKVGLTKF,1
>label_1,PYAEMITEAITALKEKDGSSRQAIAKYIEKA,1
>label_1,AAATQQSVPYEDLKNKVEHFQSRIKHTVNMV,1
>label_1,TPMARRGPGRPPKSAKTELGNRARGRPPRPK,1
>label_1,ENPIMEELRKRADADKNDKSVKDLVLLLFET,1
>label_1,IMEELRKRADADKNDKSVKDLVLLLFETALL,1
>label_1,VLFVPKRAPFDLFDTKKKPNNIKLYVRRVFI,1
>label_1,TGESKKAVENSPFLEKLKKKGIEVLYMVDAI,1
>label_1,TGESKKAVENSPFLEKLKKRGYEVLFMVDAI,1
>label_1,SVEGQLEFKAVLFVPKRAPFDLFDTKKKPNN,1
>label_1,DESEDEKAKKEALKEKFEGLCKVMKDVLGDR,1
>label_1,DETEDEKAKKEALKEKFEGLCKVVKDVLGDR,1
>label_1,IFLRELISNASDALDKIRFESLTDKSKLDAQ,1
>label_1,IFLRELISNASDALDKIRFLSLTDKEILGEG,1
>label_1,DDLPLNISREMLQQNKILKVIRKNLVKKCIE,1
>label_1,EDLPLNISREMLQQNKILKVIRKNLVKKCIE,1
>label_1,EDLPLNISREMLQQNKILKVIRKNLVKKCVE,1
>label_1,KKKIKEVSHEWSLVNKQKPIWMRKPEEITKE,1
>label_1,ASDALDKIRFESLTDKSKLDAQPELFIHIIP,1
>label_1,SSDALDKIRFESLTDKSKLDAQPELFIRIVP,1
>label_1,VDEEKEKEEKKKKKIKEVSHEWSLVNKQKPI,1
>label_1,VTGEYGWTANMERIMKAQALRDSSMAGYMSS,1
>label_1,VTGEYGWTANMERIMKAQALRDSSMSSYMSS,1
>label_1,SATKEGLKLDESEDEKAKKEALKEKFEGLCK,1
>label_1,FSKNLKLGIHEDSQNKTKLAELLRYHSTKSG,1
>label_1,KNLKLGIHEDSQNKTKLAELLRYHSTKSGDE,1
>label_1,GQLKEFEGKKLVSATKEGLKLDESEDEKAKK,1
>label_1,GQLKEFEGKKLVSATKEGLKLDETEDEKAKK,1
>label_1,GQLKEYDGKKLVSATKEGLKLDDESEEEKKK,1
>label_1,LRYHSTKSGDEMTSLKDYVTRMKEGQNDIYY,1
>label_1,LRYHSTKSGDEMTSLKDYVTRMKEGQSDIYY,1
>label_1,EKKDEEGKVEDVDEEKEKEEKKKKKIKEVSH,1
>label_1,KDEEGKVEDVDEEKEKEEKKKKKIKEVSHEW,1
>label_1,GLCKVMKDVLGDRVEKVVVSDRVVDSPCCLV,1
>label_1,GLCKVVKDVLGDRVEKVVVSDRVVDSPCCLV,1
>label_1,KEALKEKFEGLCKVMKDVLGDRVEKVVVSDR,1
>label_1,QNKTKLAELLRYHSTKSGDEMTSLKDYVTRM,1
>label_1,TNKTKLAELLRYHSTKSGDEMTSLKDYVTRM,1
>label_1,PGGKLNRGLSVIDSYKLLKEGKELTDDEIFL,1
>label_1,AEVVFSRRKDAEEAVKRYNNVQLDGKPMKID,1
>label_1,RAAKRSNKMKVVSFLKEKTGYSISPDAMFDV,1
>label_1,SQKPQSVHELTVKDVKGNDVDLSMYKGKVLL,1
>label_1,TVKDVKGNDVDLSMYKGKVLLIVNVASQCGL,1
>label_1,LGDSIKWNFSKFLVDKEGNVVDRYAPTTSPL,1
>label_1,TNSNYTELSKLYEQYKDKDLEILAFPCNQFG,1
>label_1,NGDNAAPLYKFLKSSKGGLLGDSIKWNFSKF,1
>label_1,SVEGQLEFKAILFVPKRAPFDLFDTRKKMNN,1
>label_1,SVEGQLEFKAILFVPKRAPFDLFDTRKKPNN,1
>label_1,EFEGKKLVSATKEGLKLDETEDEKAKKEALK,1
>label_1,SATKEGLKLDETEDEKAKKEALKEKFEGLCK,1
>label_1,MKEGQSDIYYITGESKKAVENSPFLEKLKKK,1
>label_1,KAKKEALKEKFEGLCKVVKDVLGDRVEKVVV,1
>label_1,KEALKEKFEGLCKVVKDVLGDRVEKVVVSDR,1
>label_1,NKQKPIWMRKPEEITKEEYSAFYKSLTNDWE,1
>label_1,FSKNLKLGIHEDSTNKTKLAELLRYHSTKSG,1
>label_1,KNLKLGIHEDSTNKTKLAELLRYHSTKSGDE,1
>label_1,SGDEMTSLKDYVTRMKEGQSDIYYITGESKK,1
>label_1,KEDYNKFYEAFSKNLKLGIHEDSTNKTKLAE,1
>label_1,YETEPKHDWSTLMANKNAELQRLIGIYKNIL,1
>label_1,SPQAIIKSADGSLSLKTNRGTVEGFSHIMFA,1
>label_1,VLVLCNKVDKVTAHTKEFIRKQLEKEIDKLR,1
>label_1,LKMKLDNYSGAGFSSKSKYLFGKVNIQIKLV,1
>label_1,ASSVTAIANEKIKAEKEANAGKKKTETIPRF,1
>label_1,FFPSPSHRLVEEADFKSTRDLFGSRDDGKTL,1
>label_1,VLAMLWRHRENIELEKVKVVHYCAAGSKPWR,1
>label_1,NTGGKLSTTLNPGYSKRAYVTFLAGTGDYVK,1
>label_1,VHYCAAGSKPWRYTGKEVNMDREDIKMLVAK,1
>label_1,RKPYGTMEGNVKKALKIAVDEKQSILSSVPA,1
>label_1,EKQSILSSVPADFREKGSELYASLIDGKGGL,1
>label_1,MRSDGGFEVIKKAIEKLGLKHREHIAAYGEG,1
>label_1,DLKENPRGRYLKISEKTSATRSTIIVPFNGI,1
>label_1,DDGKLKSQQIVAPEYKRLIAIHAGKGKGGLD,1
>label_1,TVEPRPGVLRLMDEAKDAGKKLAVCSAATKS,1
>label_1,ADVEMSRAEEEESNSKDLQDMKKRLKEIEEE,1
>label_1,KEIEEEAGALREMQAKVEKEMGAVQVSGYAS,1
>label_1,GVVYWQPPKRALDKVKELVWEPSVSRYGADE,1
>label_1,APPERSSAAEVDGNSKKLRVLVAGGGIGGLV,1
>label_1,LTQRMTEHNKAMASAKSDEAKASVKAQKQNT,1
>label_1,ALTEGVKAFEPGLLAKANRGILYVDEVNLLD,1
>label_1,GDIVTNRAAKALAALKGRDTVTTEDIATVIP,1
>label_1,EEADELCRTLEENEDKSRTASEMADVLYHAM,1
>label_1,LRTFPCGIGPKPLGLKSEVSRESAVVIMNHI,1
>label_1,RLEELKKQREIAAAMKEEEKKRREEAKAAAA,1
>label_1,CLPMDDSRASDFGLMKIDGKGRILSFSEKPK,1
>label_1,VNVAGEAKLRNLEMEKRDPRTVVAVILGGGA,1
>label_1,VVKMDYINTAVERLEKNDVRYRFVVDVVASK,1
>label_1,SIKSEDGTELRSFSFKDEDESQEVRAVERRI,1
>label_1,ENPAVCSVRNNVIIPKVVRLGPMLEHTNFEC,1
>label_1,LEMQRSGELKKVLAEKGISQKETLEDRLKKL,1
>label_1,GGKYFDPLGLASDPEKKATLQLAEIKHARLA,1
>label_1,TEIVMEKPIIMQTKEKDSSSLKNKPENVDMK,1
>label_1,GEYIKKMCEETRARIKILDGPPGTAERAVMV,1
>label_1,GLESDSSHAPPGLGAKVSTRLLLAAAQAGSI,1
>label_1,PAGGLILIAFKMRGRKPNKGNNKKRIPSKSR,1
>label_1,GLILIAFKMRGRKPNKGNNKKRIPSKSRNGR,1
>label_1,SFAFVYPDKHGRFVVKEVGRTYSYPNGRRPD,1
>label_1,PSNLAQVSLFRALHEKEQKRKGMTRMQFFLV,1
>label_1,NSAAKGKLIKIKASYKLSEAGKKDNGTTKAP,1
>label_1,PYFQMIKEALLALNEKSGSSPYAIAKYMEEE,1
>label_1,GTTKAPMAEKKPKQAKSTTTAARAGAPNTRS,1
>label_1,GSSPYAIAKYMEEEHKPVLPENFRKILGLQL,1
>label_1,EEEVRRLKENCSEKVKVENLKKKKIENDESS,1
>label_1,SLKPELFEGMRFDFTKGLNQKFSLSHSVFMG,1
>label_1,LQRRLLDISSKLSSEKLQKKRLKRLKRLKKY,1
>label_1,DPEIRVSVKDEGPIGKRLKEAFMAKGKPFVL,1
>label_1,SDENADEDPEIRVSVKDEGPIGKRLKEAFMA,1
>label_1,ELASRKSDLERTELQKEKTGVFSGGYARNPA,1
>label_1,SSIVSKGQIKYVEEYKELASRKSDLERTELQ,1
>label_1,SVLVFQLAFAPRMKIKQDEGLIKQNEEKLLK,1
>label_1,AFAPRMKIKQDEGLIKQNEEKLLKVLDVYEK,1
>label_1,KQDEGLIKQNEEKLLKVLDVYEKRLGESRYL,1
>label_1,EVISILMQRHILVDGKVRTDKTYPSGFMDVV,1
>label_1,RNRGRVGVIKNREKHKGNFDTIHVQDATGHE,1
>label_1,LIKANDTIKLDLETNKITDFIKFDVGNVVMV,1
>label_1,QARGLKKHLKRLNAPKHWMLDKLGGAFAPKP,1
>label_1,KLGGAFAPKPSSGPHKSRECLPLILILRNRL,1
>label_1,ANPKIHYETTGPEIWKGTGGKVDAFVSGIGT,1
>label_1,GISSGAAAAAAMKVAKRPENAGKLIVVVFPS,1
>label_1,GIGTGGTITGAGRYLKDQNSEIKLYGVEPVE,1
>label_1,LKKAYRKAAIKNHPDKGGDPEKMFCGLSMLK,1
>label_1,FIREYTGKVDELIKDKIEALSEVKAKEKEEK,1
>label_1,MHDSFDQIGLAQKIEKHELLEMRRVAAYIYK,1
>label_1,AFESLELSRLVVNQNKKNLLENWLAEDKLEC,1
>label_1,NFYDPEKTKNFLMEAKLPDARPLINVCDRFG,1
>label_1,MRRVAAYIYKKAGRWKQSIALSKKDNLYKDA,1
>label_1,GLGYTVWFSKRYLIFKENREELVAKILEIKQ,1
>label_1,PQVYKFFVNPTIDLEKKRKVIDDIVSTSSLQ,1
>label_1,KLESQHLAQIAKGVQKLTGAKNVRIKTVIDP,1
>label_1,HLAQIAKGVQKLTGAKNVRIKTVIDPSLVAG,1
>label_1,NGTLEATSADMDKIDKLFSDPQVYKFFVNPT,1
>label_1,NFVNILIDMKRIELVKEIVKEFEVVYNKLTD,1
>label_1,SSVVKLESQHLAQIAKGVQKLTGAKNVRIKT,1
>label_1,IRYGKDGSKLIDMSVKKQLEDIAAQLDIGDV,1
>label_1,VTIPPERIYGLGTGPKVEVLKQLQKKPEHQG,1
>label_1,GEKGRRIRELTSVVQKRFKFPEGNVELYAEK,1
>label_1,EIIIRATRTQNVLGEKGRRIRELTSVVQKRF,1
>label_1,KTASVLCLTTVKNEDKMEFSRILEAIKVANF,1
>label_1,AAKKKPEKVVNPLFEKRPKQFGIGGALPPKK,1
>label_1,ALPPKKDLHRFVKWPKVVQIQRKRRILNQRL,1
>label_1,ATNLFKMLLKYRPEDKAAKKERLLKRAQSEA,1
>label_1,ATTLFKTLLKYRPEDKAAKKERLLKRAQAEA,1
>label_1,TEQRLHKVSFYVLKDKALEVMKALSVQLEKR,1
>label_1,DSLLVFSTGRSPTLYKQLRKEKPMLTPDITI,1
>label_1,LFPMGKAQIVTPVLLKEMRMEEERIEAEKKR,1
>label_1,KGVEQGPQIDSEQFEKVLRYIRSGIESNATL,1
>label_1,SRTFVHERIYDEFLEKAKARAMKRVVGDPFK,1
>label_1,WDETVSKEMEIMVKEKGINSFKFFLAYKGAL,1
>label_1,EDEEMSKSALSTFRAKEEEIEKKKLEVKEKV,1
>label_1,FFVSRVDTLVDKMLEKIGTPEALDLRGKAAN,1
>label_1,RLFRPTYRKDDFVLGKKLGEGAFGVVYRASL,1
>label_1,YPAAQQMLIHQGKVLKDGTTLEENKVAENTF,1
>label_1,AQRAHALAGTFAAGLKKLGTVEVQGLSFFDT,1
>label_1,KVKCADSKAIVDAAYKSEMNLRIVDQNTITV,1
>label_1,CDALISIREEIAQIEKGKADINNNVLKGAPH,1
>label_1,NGTVAHEFIVDLRGFKNTAGIEAEDVAKRLM,1
>label_1,RGFKNTAGIEAEDVAKRLMDYGFHGPTMSWP,1
>label_1,LIDATVPKSIRIENMKFSKFDEGLTENQMVE,1
>label_1,GEVLDYGEFIKNAHAKGVKVIMASDLLALTM,1
>label_1,GEVLDYGEFVKNAHAKGVKVVTATDLLALTM,1
>label_1,IPHGGGGPGMGPIGVKKHLAPFLPSHPVVST,1
>label_1,IPHGGGGPGMGPIGVKKHLAPFLPSHPVVTT,1
>label_1,FIIASNCHPQTIDVCKTRADGFDLKIVVADL,1
>label_1,FIIASNCHPQTIDVCKTRADGFDLKVVVADL,1
>label_1,TVEVQGLSFFDTVKVKCADSKAIVDAAYKSE,1
>label_1,LKSENIMLAEKHKIEKDQNAQLRNQVAQLLQ,1
>label_1,AKLDRVTRYLGVLADKTRKLDQAAFETEARI,1
>label_1,EARELDKELRQITKEKNEAVRSQDFEKAGEL,1
>label_1,CIGATTLDEYRKHIEKDPALERRFQPVKVPE,1
>label_1,AQRIANGDVPETIEGKKVITLDMGLLVAGTK,1
>label_1,LRRAIMRLLEDSMAEKMLAREIKEGDSVIVD,1
>label_1,IPVEKVSTDESDRLLKMEETLHKRVVGQDEA,1
>label_1,TDESDRLLKMEETLHKRVVGQDEAVKAISRA,1
>label_1,LEEYGTNLTKMAEEGKLDPVVGRQPQIERVT,1
>label_1,RPIASFIFSGPTGVGKSELAKALAAYYFGSE,1
>label_1,FLNRLDEMIVFRQLTKLEVKEIADIMLKEVF,1
>label_1,TGIAAKVLKSMGINLKDARVEVEKIIGRGSG,1
>label_1,ITKEKNEAVRSQDFEKAGELRDREMDLRAQI,1
>label_1,IQILKGLRERYEIHHKLRYTDEALVSAAQLS,1
>label_1,MLSAVTMLRHLELHDKADRIQSAILATIAEG,1
>label_1,GKIPGSIVLRYFELEKSPLFRWLLQFGGFKE,1
>label_1,WNVAAIAHRAYDLEGKTVGTVGAGRIGKLLL,1
>label_1,SGTTIDGQLRYAAGTKDMLDRYFKGEEFPPQ,1
>label_1,GKIVLCDRGGNARVEKGAVVKAAGGAGMVLA,1
>label_1,EIASRLTQRFDDTEEKVKLRLQTHHQNVESV,1
>label_1,ELAAAQEKLNELERQKEETLKFYSPKSLLNR,1
>label_1,KFFKESSEEEREHAEKFMKYQNKRGGRVKLH,1
>label_1,KESSEEEREHAEKFMKYQNKRGGRVKLHSIL,1
>label_1,FDRDNVALKGLAKFFKESSEEEREHAEKFMK,1
>label_1,YPLDMRGELDDTAAFKNFKKWGDIEFPLPFG,1
>label_1,AFAEHGNDLGSSKDVKGNPTEVYRRMGQGSS,1
>label_1,CMEPVEKCLRDAKMDKSTVHDVVLVGGSTRI,1
>label_1,VIAGPGDKPMIGVNYKGEEKLFAAEEISSMV,1
>label_1,SHLRFEIGQLRFAVSKTEDMEDRLIELEALQ,1
>label_1,ELIKAKESLTKILSSKDVKTTLLEMVERNEL,1
>label_1,QTGHLARREFKRRLEKDAEAREAFQRQVREE,1
>label_1,EAAKPKGVVKHILLAKFKDDIPPDQIDQLIK,1
>label_1,IEAAGKKKEEGNALFKAGKYAKASKRYEKAA,1
>label_1,VEAAGKKKEEGNALFKAGKYERASKRYEKAV,1
>label_1,ALEIDPNNRDVKLEYKTLKEKMKEYNKKDAK,1
>label_1,KLKLIGKLQDGTIFLKKGHDNDEELFEFKTD,1
>label_1,QLKLIGKLQDGTIFLKKGQDNDEDLFEFKTD,1
>label_1,FDMPDQSPIMKVGEEKEIGKLGLKKKLLKEG,1
>label_1,MDLPEGNPVHKVGEEKEIGKDGLKKKLLKEG,1
>label_1,IQAHKGDRVKVHYRGKLTDGSVFDSSFERGD,1
>label_1,IGVKYKPKTCDIQAHKGDRVKVHYRGKLTDG,1
>label_1,TKVGVERKRSIDADFKEGGQRNWIQVLSNSG,1
>label_1,GVPTSSSLLYKEEFEKMKEKAPENFRLDFAV,1
>label_1,SSSLLYKEEFEKMKEKAPENFRLDFAVSREQ,1
>label_1,NFRLDFAVSREQTNEKGEKMYIQTRMAQYAE,1
>label_1,NFRLDFAVSREQTNEKGEKMYIQTRMAQYAQ,1
>label_1,LDFAVSREQTNEKGEKMYIQTRMAQYAEELW,1
>label_1,LDFAVSREQTNEKGEKMYIQTRMAQYAQELW,1
>label_1,DLKPGAEVKVTGPVGKEMLMPKDPNATIIML,1
>label_1,DLKPGAEVKVTGPVGKEMLMPKDPNATVIML,1
>label_1,TLSHFTLFAKTMGKIKIGINGFGRIGRLVAR,1
>label_1,FDPKKTEHLLALDGAKERLHLFKGNLLEEGS,1
>label_1,SDPKKTEHLLALDGAKERLHLFKGNLLEEGS,1
>label_1,LWYVLSKTLAEDAAWKFTKEKGIDMVTINPA,1
>label_1,ENAQNRRAPPLVRVEKMFEQIQSKLPGAPQF,1
>label_1,IIERKSVHEPMQTGLKAVDSLVPIGRGQREL,1
>label_1,DLVKRTGSIVDVPAGKAMLGRVVDALGVPID,1
>label_1,GRGSLSDHERRRVEVKAPGIIERKSVHEPMQ,1
>label_1,NVGLSVSRVGSAAQLKAMKQVCGSSKLELAQ,1
>label_1,ELVADIKGESSETTSKEAIKEDDRQIDDEDE,1
>label_1,YVQRSRSAGSRIESAKELKRMIAFNSLVVTE,1
>label_1,YRQKLQQAVADGELSKEDVRSLERLQIMLCI,1
>label_1,KLAALNQLRNIFGLGKREAESIMLDVTSKIY,1
>label_1,ADLFVIYMKSDPAPEKLSRLQFLLNIGDSMA,1
>label_1,LTEQLTLEGQKLQSHKEADSQKDFEQVAALK,1
>label_1,QVAALKKRSLEDLEAKNKVILFLEKQVKELE,1
>label_1,GGEDLEWIRKFTNTAKDVAKAAGITLEMLYV,1
>label_1,EKKPMDQSGHINLKVKGQDGNEVFFRIKRST,1
>label_1,TDADLFEQAKVETVDKVCEIVRKQLALPAET,1
>label_1,AIKEIRKFAQKAMGTKDVRVDVKLNKHIWSR,1
>label_1,RKEEVVTREYTLNLHKRVHHQPPQALAQLLC,1
>label_1,MAAPNAIKEIRKFAQKAMGTKDVRVDVKLNK,1
>label_1,KAMGTKDVRVDVKLNKHIWSRGIRSVPRRIR,1
>label_1,PDATKGTDHLRDVFVKHMGLTDKDIVALSGG,1
>label_1,DHLRDVFVKHMGLTDKDIVALSGGHTLGRCH,1
>label_1,DVTTKTGGPFGTMRHKLEQGHAANNGLEIAV,1
>label_1,DKPEPPVEGRLPDATKGTDHLRDVFVKHMGL,1
>label_1,AKEGDQWEGKVLKDFKTPVWRVSWSLTGNLL,1
>label_1,VDIVHYDPKAVGIDAKKAFPFRNMHFYAEPR,1
>label_1,RFDEYVKIGRDKKPMKFEIDDKILESLKVPV,1
>label_1,AQAAGCPVDIVHYDPKAVGIDAKKAFPFRNM,1
>label_1,SNAVLDRVNFAKADLKGAVFRNTVLSGSTFN,1
>label_1,YDKPIDLRFCDYTNDKSNLKGKSLAAALMSE,1
>label_1,GVDFSNAVLDRVNFAKADLKGAVFRNTVLSG,1
>label_1,LTGKVPNKEQVDALSKELRRRATVPDHVYKA,1
>label_1,ETMNKLFKLAEAACLKEKINKMFNGERINST,1
>label_1,KPRSDIPAVVEKYMNKELEVEKFITHQVPFS,1
>label_1,LHEVKYVYQPIKVSFKEGIIKITNTNFYETT,1
>label_1,FLNARINGIPVKEVIKDTKWLEEEFTEKVQN,1
>label_1,LLRRVTKSEAELLAEKRCVAHLTGEGIAVCD,1
>label_1,VKDVIFDDYLLRRVTKSEAELLAEKRCVAHL,1
>label_1,MGRTGSRGQVTQVRVKFIDDQNRFIMRNVKG,1
>label_1,YQLWDDKLKKYIDDLKDPGPSGKPYSARYIG,1
>label_1,GGESIYGEKFADENFKLKHTGPGFLSMANAG,1
>label_1,FTLGDGRGGESIYGEKFADENFKLKHTGPGF,1
>label_1,TLIPFMIKSREKGVGKSGKPLHYKGSKFHRI,1
>label_1,YPTDVVKSVIQVDDHKNPKFSGSIDAFRKIV,1
>label_1,RKLFIRGLGWDTTTEKLRSLFSAYGDLDEGV,1
>label_1,IAAEISVVLSKGPSWKVQLGRRDSRTANKAG,1
>label_1,IGIGKNSHIKRAIIDKNARIGDNVKIINTDN,1
>label_1,IEFAEKPKGEQLKAMKVDTTILGLDDERAKE,1
>label_1,ALPMDEKRATAFGLMKIDEEGRIIEFAEKPK,1
>label_1,ADYYETDADKRFLAAKGSIPIGIGKNSHIKR,1
>label_1,KRFLAAKGSIPIGIGKNSHIKRAIIDKNARI,1
>label_1,GRIIEFAEKPKGEQLKAMKVDTTILGLDDER,1
>label_1,LMKIDEEGRIIEFAEKPKGEQLKAMKVDTTI,1
>label_1,KIDEEGRIIEFAEKPKGEQLKAMKVDTTILG,1
>label_1,DEDREAIFQAYIKALKEDPDQYRNDAKKLEE,1
>label_1,VDREKKKMVERAESQKANEAITKCLGEPQYT,1
>label_1,DLDVYRNLLSKLVQAKELLKEYVDREKKKMA,1
>label_1,DLDVYRNLLSKLVQAKELLKEYVDREKKKMV,1
>label_1,DLLRAEVSAGTEIGNKAKEYMSTGHLVPDEI,1
>label_1,LDGYPRSFDQAQSLEKLKIRPDIYVVLDVLD,1
>label_1,MELVRVLALNFADDGKRIKVCVQGSMGEGAL,1
>label_1,EMTRLNGRILQPPKLKLGDGGFIRDLIPSRY,1
>label_1,QSRVKKGKMTEEKFEKTLSLLKGVLDYESFR,1
>label_1,VRKSRKQAEQYHRLYKEPIPVTQLVRETAAV,1
>label_1,FSWKASAMGKNVSNAKTFLEKRYTDDMELDD,1
>label_1,AKNKEIEKDAFEEAEKARRAKEEEVIDKELN,1
>label_1,RAVVEDIWAKNKEIEKDAFEEAEKARRAKEE,1
>label_1,KELMPGGVNSPVRAFKSVGGQPIIMDSVKGS,1
>label_1,NPLAMAAGIHTLKRLKEPGSYEYLNKITSEL,1
>label_1,PRVGESLPASVDWREKGAVVAVKDQGSCGSC,1
>label_1,VVSIDDYEDVPENNEKALQKAVANQPVSVAI,1
>label_1,WLAIPFSDSETIKHLKELFKVRGIPHLVILD,1
>label_1,MQPDPEKASRDEAAEKEILSKIKASMTDEDL,1
>label_1,EKASRDEAAEKEILSKIKASMTDEDLAELAR,1
>label_1,SLNDFKEFAGALEAVKDKGVVVAVASPDDVD,1
>label_1,NRILQDVQFTDQKRFKQFVSQSKARMENRLR,1
>label_1,QFTDQKRFKQFVSQSKARMENRLRGSGHGIA,1
>label_1,VRIFEKYPAAEGGDLKKKHMVCLNWLLHDKP,1
>label_1,DPFQPLKYQKPLMELKARIAEEGSKSVFAPL,1
>label_1,AKDTVIKSSSNLIDNKRVFFSEVKDDNPLNC,1
>label_1,PDAAKGCDHLRDVFVKHMGLSDKDIVVLSGG,1
>label_1,DHLRDVFVKHMGLSDKDIVVLSGGHTLGRCH,1
>label_1,DKPEPPIEGRLPDAAKGCDHLRDVFVKHMGL,1
>label_1,FDQEFIKVKLSEYIGKKYVILFFYPLDFTFV,1
>label_1,DFEAEAVFDQEFIKVKLSEYIGKKYVILFFY,1
>label_1,GGLGDLKYPLISDVTKSISKSYDVLIPDQGI,1
>label_1,GGLGDLKYPLISDVTKSISKSYGVLIPDQGI,1
>label_1,RKQELLARIAMLQTQKVRLTDYLDERSQYLT,1
>label_1,KPIEKEKAKEEMEKIKEITIGSAGSKTRRNI,1
>label_1,AGMHAVRKNRYVILPKDFEKGYRTNVKKPDT,1
>label_1,IREYPHFVKVPVPIAKAIAMPREILLKKVPF,1
>label_1,FIGGLAKDATHATFVKHFGKYGEITDSVIMK,1
>label_1,QVEIKRTIPKGSGQSKDFKTKKIFVGGVPSA,1
>label_1,KSLLDRKAKGRAAADKDKGTKFTAEDIMQSV,1
>label_1,STVNVGVNPSKVVITKLRLDKDRKSLLDRKA,1
>label_1,EKNSYRELSEIAEQAKRRAEVARLRELLTLK,1
>label_1,RFQIFKSCLRKSPIAKDVDLRALAKYTQGFS,1
>label_1,LDLLKNMDPNDAQNEKSRGQIVLELMYKPFT,1
>label_1,ALVDAPDMVRTQMNFKRLSLTDITIDIKRVP,1
>label_1,AGYAKGGEDLSSVFVKKGSYSAFVELHIEQG,1
>label_1,GKTTFVKRHLTGEFEKKYEPTIGVEVHPLDF,1
>label_1,QCAIIMFDVTARLTYKNVPTWHRDLCRVCEN,1
>label_1,YPSFKLVIVGDGGTGKTTFVKRHLTGEFEKK,1
>label_1,LCAYARAVAHFPTAVKEFKWRNGWFYSLSGK,1
>label_1,ASRLRAGGLSCKVLDKEAFQKQMLEKLIWIS,1
>label_1,STGAAKAVSLVLPQLKGKLNGIALRVPTPNV,1
>label_1,GAAKAVSLVLPQLKGKLNGIALRVPTPNVSV,1
>label_1,AEVKIVDNETISVDGKPIKVVSSRDPLKLPW,1
>label_1,KIVDNETISVDGKPIKVVSSRDPLKLPWAEL,1
>label_1,GENRNNGSGVVEAKLKVAINGFGRIGRNFLR,1
>label_1,TAGSTPVKGQTVAKLKVAINGFGRIGRNFLR,1
>label_1,VVNDSGGVKNASHLLKYDSLLGTFKAEVKIV,1
>label_1,NASHLLKYDSLLGTFKAEVKIVDNETISVDG,1
>label_1,LAPFVKVLDEELGIVKGTMTTTHSYTGDQRL,1
>label_1,KKAAAAEVCKTFDDSKEEYSKEFEEKKTELQ,1
>label_1,YWKTKVLPKIKKVFDKNSTKKAAAAEVCKTF,1
>label_1,VRRRMMMTSGEAVKYKSSLDAFSQILKNEGA,1
>label_1,GAMNQLTKNLACEWAKDNIRCNCVAPWYIRT,1
>label_1,KRYVEIGRVALVNYGKDYGKLVVIVDVLDQN,1
>label_1,GLARLEKRKRWEPKEKQAALDELEKFQEEAK,1
>label_1,AKSEGHDDHGLLVSEKARKYAIVKVLDEPVK,1
>label_1,LYKIADIPFLSGHKVKILDVIEKAEQQPNIT,1
>label_1,LIAVDYNNKVRSVDVKEALRLQKENNFVILD,1
>label_1,ELLLKVYRETDQSQEKTRILGSLACCSDPDI,1
>label_1,ETALLYDDKHSAAANKQRVATVVAHELAHQW,1
>label_1,EFFASRAKPSISRTLKQSVERVHINAKWVQG,1
>label_1,CIRFASVENCKTFKEKIEEVAQSQEKVGLSE,1
>label_1,EDVLLDLKAKLYRFDKEGNQWKERGVGTVKL,1
>label_1,DKEGNQWKERGVGTVKLLKHTQTTKVRLVMR,1
>label_1,TANLLEKLSVVGEKSKDEEDKTKEVPTEEKK,1
>label_1,LSVVGEKSKDEEDKTKEVPTEEKKEENAAKD,1
>label_1,PEGRLFQVEYAFKAVKSSGITSIGVRGKDSV,1
>label_1,TSAGLKEQEAINFLEKKMKNDPAFSYEETVQ,1
>label_1,SAGSIEYWPDPQRGIKEAYRVLKLGGKACII,1
>label_1,GTGFTTLGIVKHVDAKNVTILDQSPHQLAKA,1
>label_1,ESDDDLLWKANIRETKEELAARGMEFMNWLW,1
>label_1,GQYNFEGRYDLVKFVKLVGSRGLYLHLRIGP,1
>label_1,RDVPGIVFRTDNAPFKDEMQRFVKKIVDLMR,1
>label_1,KLMEEVEREKAEAAAKEAEAAEKAKASARAA,1
>label_1,ASWRILSSIEQKEEGKGHEQNVKRIKEYRQR,1
>label_1,GARRASWRILSSIEQKEEGKGHEQNVKRIKE,1
>label_1,YHKMKGDYYRYLAEFKAGNDRKEVADQALKA,1
>label_1,FIPKIENKIDYEELEKNPDRAFLKTVTPQLQ,1
>label_1,KLNPKVYNNEANSKTKESIEKNLEGLTIDEA,1
>label_1,VPSEHAVDLAKAIIEKSEGKVRLTGLGARDS,1
>label_1,KDLAHIEEHMKAFKAKGGDVSWHIHDERSLL,1
>label_1,TDDHIYLVVNAGCRDKDLAHIEEHMKAFKAK,1
>label_1,AGCRDKDLAHIEEHMKAFKAKGGDVSWHIHD,1
>label_1,LAAPALQHLTKEDLSKIYFGEFRMLDINGVH,1
>label_1,GSHKAGTKVKILIRGKAYDGNVTKMPFVPTK,1
>label_1,SLFDVSHMCGLSLKGKDCIPFLEKLVIADVA,1
>label_1,LKKNIAMGYVKTGSHKAGTKVKILIRGKAYD,1
>label_1,NLMKLRSDYKDAFVEKHGVKLGLMSGFVKAA,1
>label_1,EGDTVEPGTKIAIISKSGEGVTHVAPSGTTA,1
>label_1,KKTDKQEPTTETPVLKEAPKEKPKAPPPPPS,1
>label_1,NEVDMTNLMKLRSDYKDAFVEKHGVKLGLMS,1
>label_1,SGTTAEPAPAEKKTDKQEPTTETPVLKEAPK,1
>label_1,GLNVVKANVYLDSSGKHTKFAITKANTGRKV,1
>label_1,VVKANVYLDSSGKHTKFAITKANTGRKVDDP,1
>label_1,VYLDSSGKHTKFAITKANTGRKVDDPELLEA,1
>label_1,RNDGIYIINLGKTWEKLQLAARVIVAUSAPR,1
>label_1,TYNEGATDFKATPAYKESIQSRELLEEPEGS,1
>label_1,ATVPKSIRLDKMKFSKFDEGLTESQMIEHMK,1
>label_1,LTESQMIEHMKNLASKNKVYKSFIGMGYYNT,1
>label_1,AQRVHGLAGTFAAGLKKLGAVEVQGLPFFDT,1
>label_1,AVEVQGLPFFDTVKVKCVDSKAIADDACKNQ,1
>label_1,FNSYHTEHELLRYLHKLQSKDLSLCHSMIPL,1
>label_1,PGFARGLSDGLPKFVKSEGALGLYKGLVPLW,1
>label_1,EDMIPTVGFNMKKVTKGNVTIKLWDLGGQPR,1
>label_1,AILTKRATEGVPGVGKVVQRLPNSVYASIVT,1
>label_1,FIHLCYKPPSGPVKAKLALVGKGLTFDSGGY,1
>label_1,NAIDYVNHQFYTDKVKTPQAYLEAFRNRTEM,1
>label_1,CTDSSQVLKELDECTKEYPKAFVRIIGFDNK,1
>label_1,NKKKYETLSYLPPLSKPQLGKEVDYLIRKGW,1
>label_1,ETLSYLPPLSKPQLGKEVDYLIRKGWIPCLE,1
>label_1,ITLGFVDLLRDDYVEKDRSRGIYFTQDWVSL,1
>label_1,RDLAREGNEIIREASKWSPELAAACEVWKEI,1
>label_1,RGFACEGNEIIREASKWSPELAAACEVWKEI,1
>label_1,PLLGCTIKPKLGLSAKNYGRAVYECLRGGLD,1
>label_1,LNKYGRPLLGCTIKPKLGLSAKNYGRAVYEC,1
>label_1,DKLNKYGRPLLGCTIKPKLGLSAKNYGRAVY,1
>label_1,LLHIHCAMHAVIDRQKNHGMHFRVLAKALHM,1
>label_1,LLHIHRAMHAVIDRQKNHGMHFRVLAKALRM,1
>label_1,IDRQKNHGMHFRVLAKALRMSGGDHIHAGTV,1
>label_1,IDRQKNHGMHFRVLAKALRMSGGHHIHVGTV,1
>label_1,FPPGKMPNIYNALVVKGRDTVGQPINVTCEV,1
>label_1,IDTMKALKDLGLDVAKGTVTTEGSAKQTKFF,1
>label_1,RLHLREEAGEYLEESKLKELVKRYSEFINFP,1
>label_1,KLGKDSKDKELKESFKELTKWWKGALAVENV,1
>label_1,EKKIISIRDRGIGMTKEDLIKNLGTIAKSGT,1
>label_1,WELLNDVKAIWLRNPKEVTDEEYTKFYHSLA,1
>label_1,IEVRVTGAGSEAEAAKVARSVASSSLAKARD,1
>label_1,AFNQDFDSNSGLKIVKSDGSKRWSLIKERTS,1
>label_1,MDATMWMHNPRTAKMKEFLSDSQRFGQLKTG,1
>label_1,LPTSLHIRWAVLAAEKKKHLLLEKPVALNVS,1
>label_1,KAKREAPPGEKPELVKTHLRNMIIVPEMIGS,1
>label_1,RTGSSQYAIAKFIEEKQKAHLPPNFKKLLLV,1
>label_1,AHLPPNFKKLLLVQLKKLVASEKLVKVKNSF,1
>label_1,KLVASEKLVKVKNSFKLSSAAKPVSAAVKKA,1
>label_1,ADEIIDYKTAEGQALKSPSDKKYDVVVHCAT,1
>label_1,EGQLKTVIDSKYPVSKAEEAWVKIMDGHATG,1
>label_1,DALQDWEYKFMTKYAKVGSVKKTVPVTDGSL,1
>label_1,DTKGIQVQIAGRIDGKEIARVEWIREGRVPL,1
>label_1,FAQPKNYSEGLEEDQKIRDFIKNYVQKNLRI,1
>label_1,GGIVTQVKQPKVLNFKSLRESLKDPGDFLLS,1
>label_1,LSGLKEERESAAEVLKEAGLKEEVGAVRSGI,1
>label_1,LESFLIEITADIFRVKDEDGDGELVDKILDK,1
>label_1,PTIAASLDCRYLSGLKEERESAAEVLKEAGL,1
>label_1,LKEELKRRKLVTKGLKDDLIRRLDEALRNEN,1
>label_1,SISSDCVSINEKNELKDNIIADNVKLELDVK,1
>label_1,GKKYRGLRGKGHLNHKARPSRRATWKRNNTL,1
>label_1,TYAETYNEDLLKALDKELSNDFERLVLLWTL,1
>label_1,LEPAERDAVLANEATKRWTSSNQVLVEIACA,1
>label_1,TRVVATRAEVDMKIIKEEYHRRNSIPLDVAI,1
>label_1,WPEKYFEKVLQLAINKRGTDEGALTRVVATR,1
>label_1,GRVIRAQRKGAGSVFKSHTHHRKGPARFRSL,1
>label_1,GNAYHKYRVKRNSWPKVRGVAMNPVEHPHGG,1
>label_1,LLATDDVYGLQICKDKDAKPQKWEFVAPLKG,1
>label_1,YELGRQPANTKLSSNKTVRRIRVRGGNVKWR,1
>label_1,VEVSGGRGKPSTIVDKDEGLGKFDAGKLRKL,1
>label_1,RGKPSTIVDKDEGLGKFDAGKLRKLRPSFKE,1
>label_1,IYFYTPEQEKAALESKERHQNVLNRKIVSEI,1
>label_1,KKFYRAEEYHQQYLAKGGRFGLKQSTDKGCN,1
>label_1,QNVLNRKIVSEILPAKKFYRAEEYHQQYLAK,1
>label_1,DSAADLKKKERELQAKESELRKREQEVKRRE,1
>label_1,DLASEHERFLTDVKFKSPVIVYNYPKGIKAF,1
>label_1,AERPLPVWIKDHGTDKAVEDAKPVIEALKLK,1
>label_1,SPPELVKKFDEALNAKPEVDGFVKIFPGVEH,1
>label_1,PYAPENAERPLPVWIKDHGTDKAVEDAKPVI,1
>label_1,VKIFPGVEHGWTVRYKDEDAGAVKSAGEAHK,1
>label_1,HGWTVRYKDEDAGAVKSAGEAHKDMLDWLVK,1
>label_1,GLLRQPKWGHLKDVHKAIKLCEPAMVATGPT,1
>label_1,NLHEPVRNQYDFEGGKDLVKFVKLVAAAGLY,1
>label_1,HFIPGIEFRTDNEPFKAEMKRFTAKIVDMMK,1
>label_1,AEERKKKMEKAEASVKAEKIAKEEAQASPSR,1
>label_1,SVVRDVNALVRNVKEKVDAEERKKKMEKAEA,1
>label_1,LGTVFEFVSRESDLFKSDSVVRDVNALVRNV,1
>label_1,KMEKAEASVKAEKIAKEEAQASPSRSVKGKE,1
>label_1,LLTKQNQMEWWKSLVKGDPEVDTQKVEPESS,1
>label_1,SGLPYTIIRAGGLQDKDGGVRELLVGKDDEL,1
>label_1,AEVCIQALQFEEAKFKALDLASKPEGTGTPT,1
>label_1,VKTWTCVVEGKVETYKERVSIDEENKAVHLT,1
>label_1,LVTGRVWKGTAFGGFKSRSQVPWLVEKYMKK,1
>label_1,RECKFCKSGKTNLCGKVRAATGVGVMMTDRK,1
>label_1,EISTRPFQLVTGRVWKGTAFGGFKSRSQVPW,1
>label_1,AVSAARKAFDEGPWPKMTAYERSRIMLRFAD,1
>label_1,SRTFVHERVYDEFIEKAKALALKRVVGDPFK,1
>label_1,LRDDFAEGVRAVLVDKDQNPKWNPPSLEEVN,1
>label_1,AGVIQECKRRRFFENKQDEKKRKTREAAKRN,1
>label_1,AVTISNAQTKEREKLKDMFEEAYERCRTAPM,1
>label_1,TKKLEPTPGDMIRNPKLVFEKAEEMAQTFRQ,1
>label_1,AWERCRQLQAEDVVVKGKIVGANKGGIVAMV,1
>label_1,FSQISTKSTAEDLLDKDLPLKFVEVDEEQTR,1
>label_1,ATVVLDGQKVVPARAKELGFPFRYPYMKDAL,1
>label_1,PKLESVIRKQLKKVFKDDIGQAAGLLRLHFH,1
>label_1,ALAKAIKNPVELDGLKKAHIRDGAAVVQYLV,1
>label_1,RRPKPGGDITLGELLKKKANEGVRVLMLVWD,1
>label_1,LVFKDQYLEISTRLPKDASLYGLGENTQPHG,1
>label_1,LAEGVALARKALLSGKALKTLDSWIDISNKV,1
>label_1,DSLRGGDPQYNADVLKRVLSGEEGSIADALM,1
>label_1,HILLFLDEKIVTTESKSPKSESSSVDTQTGQ,1
>label_1,LFLDEKIVTTESKSPKSESSSVDTQTGQRRP,1
>label_1,GDVEGLKSALASGADKDEEDSEGRTALHFAC,1
>label_1,VTLQNLDGKTPLDVAKLNNQHDVLKLLEKDA,1
>label_1,IETGGPAAMMRYWNDKDVLQKLSEAMGVAVT,1
>label_1,AMRRIQTSIKSHNFHKIKVGTPLAMDVLESS,1
>label_1,GIYTKAADVGADLVGKVERNIPEDDPRNPAV,1
>label_1,TEHARMLGPKGSDAHKAAVIGDTVGDPLKDT,1
>label_1,CQMEGQEKADQTSNEKEATEKKIEEQNTLMD,1
>label_1,EKDVVEENQDQKNKDKTHGLEPEEAKLGDDD,1
>label_1,QKNKDKTHGLEPEEAKLGDDDIKMPDAEECK,1
>label_1,AKEIEKDVVEENQDQKNKDKTHGLEPEEAKL,1
>label_1,DGEAKQGNSKEAQVGKVADGSEVTQNDKGKV,1
>label_1,QVGKVADGSEVTQNDKGKVEDTDVHEKVEQT,1
>label_1,DGDKTEKGNAAKEIEKDVVEENQDQKNKDKT,1
>label_1,RSKKSSASKKDDNKEKEVGPEETEVVKEVDQ,1
>label_1,EETEVVKEVDQQDGDKTEKGNAAKEIEKDVV,1
>label_1,EVVKEVDQQDGDKTEKGNAAKEIEKDVVEEN,1
>label_1,VDQQDGDKTEKGNAAKEIEKDVVEENQDQKN,1
>label_1,GKVADGSEVTQNDKGKVEDTDVHEKVEQTSL,1
>label_1,LEQYLKSHPGGPAISKFDWGTGETPRRSARI,1
>label_1,SEKAKTTPPLEIEPPKKRSKKSSASKKDDNK,1
>label_1,GPAPEAITDKIYENTKTIKEYLIAEDLPDVD,1
>label_1,MACLVKLQSDLTEVNKIVKGIRSDVSNVVNA,1
>label_1,GSEGATIRLYIEQYEKDTSKIGRDSQEALGP,1
>label_1,GAAADGDADRNMILGKRFFVTPSDSVAIIAA,1
>label_1,TQEKWKNWRMYDYVVKELPKLLSENFPQLDT,1
>label_1,LLDLTCQTVADMIKGKTPEEIRKTFNIKNDF,1
>label_1,LAKVIEYCKKHVDTPKSDDKTAEDELKNFDA,1
>label_1,IEYCKKHVDTPKSDDKTAEDELKNFDAEFVK,1
>label_1,LRNKSSLLLEMNPVHKKIPILIHNGKPVCES,1
>label_1,RVRISLAEKGIKYEYKEEDLRNKSSLLLEMN,1
>label_1,EPSSFSVAAGEKIVFKNNAGFPHNVVFDEDE,1
>label_1,MQARLRKILDAVGKHKEELTRVRKEQREMKE,1
>label_1,AEEKKSTVAEKAPAEKKPKAGKKLPKEGGAA,1
>label_1,AGKKLPKEGGAAAGDKKKKRSKKSVETYKIY,1
>label_1,AGKKLPKEGGAAAGDKKKKRTKKSVETYKIY,1
>label_1,KAPAEKKPKAGKKLPKEGGAAAGDKKKKRSK,1
>label_1,KAPAEKKPKAGKKLPKEGGAAAGDKKKKRTK,1
>label_1,KTPAEKKPKAGKKLPKEGGAAAGDKKKKRTK,1
>label_1,AEKKPAEEKKSTVAEKAPAEKKPKAGKKLPK,1
>label_1,HRSGKIVVELNGRLNKCGVISPRFDVGVKEI,1
>label_1,VSVLNDALKSMYNAEKIGKRQVMIRPSSKVI,1
>label_1,HTMDQKLVRGNLALEKSLHRGNEVRVIRGMK,1
>label_1,EFSRILEAIKANFNDKYDEYRKKWGGGIMGS,1
>label_1,KTASVLCLTTVKNEDKLEFSRILEAIKANFN,1
>label_1,YGQFLKANGEQPVTWKRASSMNEVLQEADVI,1
>label_1,EGMATLAALNVLGKIKGYPIWYDPNRVAPFL,1
>label_1,IEVWNPNGKYRVVSTKAMPGTRWINLLIEQD,1
>label_1,NIGEEIGWSKNQEAAKVNPKLKAMNKKFGMI,1
>label_1,GRKVWTSKKEEQEAAKKEFIECLKVLEGELG,1
>label_1,LIAWVKRCMNKESVAKTLPDQHKVYEFVKIL,1
>label_1,CMNKESVAKTLPDQHKVYEFVKILREKYGLE,1
>label_1,WPSMFGMRLRIALAEKGIDYEYREEDLRNKS,1
>label_1,NFSVEAECPKLIAWVKRCMNKESVAKTLPDQ,1
>label_1,EKGIDYEYREEDLRNKSPLLLKMNPVHKKIP,1
>label_1,EYREEDLRNKSPLLLKMNPVHKKIPVLIHND,1
>label_1,QMEACYKDFVCVENAKIGKVELGPNQSWTAT,1
>label_1,KGLKGCKTLNKDPDPKNPLEGEEERDVVTFP,1
>label_1,SGASVKGLKGCKTLNKDPDPKNPLEGEEERD,1
>label_1,RAYSEYRLEDYSGWLKDRVASDSYWGKIRSC,1
>label_1,GMGQKDAYVGDEAQSKRGILTLKYPIEHGIV,1
>label_1,VGRPRHTGVMVGMGQKDAYVGDEAQSKRGIL,1
>label_1,SGGSTMFPGIADRMSKEITALAPSSMKIKVV,1
>label_1,PEEHPVLLTEAPLNPKANREKMTQIMFETFN,1
>label_1,LVSSIIQRKLRKIKEKESDHGRHMKGFDRLK,1
>label_1,LHLQLSDTVKKHVEEKVGKAIQKHSHLVREV,1
>label_1,VFLKLDCNKDNKPLAKELGIKVVPTFKILKD,1
>label_1,MHSKCGPCKVIAPKFKELSEKYLDVVFLKLD,1
>label_1,SEKYLDVVFLKLDCNKDNKPLAKELGIKVVP,1
>label_1,KVVPTFKILKDGKVVKEVTGAKFDDLVGAIE,1
>label_1,APTSNISTLQTKFAAKGLNLKDLVLLSGAHT,1
>label_1,DVDSSRLEQLFSEHGKVVDARVVSDRETGRS,1
>label_1,LEYRKDLNGRLLTVNKAAPRGSRPERPPRVF,1
>label_1,KRLESSKLKLRESEEKVTVLSKERDQLIKQR,1
>label_1,GPMDDLTIMMETLRVKDEELQHLARDLRSRD,1
>label_1,SVSPVVLELLVSKFDKTGGKSKAIEYDNFIE,1
>label_1,CFRIADQDGSGLIDDKELQRALSSYNQGFSL,1
>label_1,ERWIVNLIRTSKLDAKIDTKSGTVSMEPNHP,1
>label_1,AKLKIAQGVVGAVADKGSVLKFLPYTMQAVK,1
>label_1,QEVCAVGRGQATAVYKVSSIAERSGVPVIAD,1
>label_1,TVKAVADTLKNSTFLKVSEDGKKIGRATELL,1
>label_1,TFKDLTKEVQSLSKEKEVIENQRTEAIKKHA,1
>label_1,GSEGATIRLYIEQYEKDSSKIGRDSQDALAP,1
>label_1,AKEEDAFFRDYAVSHKKLSELGFTPSSPGSR,1
>label_1,EKELKETLQDIIGQGKKVKVEQKIDPSILGG,1
>label_1,VLAENGRLRHLEAIAKRFIELTMAQRGEVKA,1
>label_1,EQLELKIAKAQLEELKKEAVEAMETQKKREE,1
>label_1,VKNKFETAMSVLRKEKITIDPNEPAAVQHYA,1
>label_1,EDLPKYEEQLELKIAKAQLEELKKEAVEAME,1
>label_1,PVRFFAKEAAPRPALKGDEMLKNIFLEVKNK,1
>label_1,IKKYIKLLTPKLEGEKQEEFKKNIEGATKFL,1
>label_1,DIVDTFRLQEQPPFDKKLFVAYIKKYIKLLT,1
>label_1,DIVDTFRLQEQPPFDKKQFVAFIKKYIKLLT,1
>label_1,PFDKKLFVAYIKKYIKLLTPKLEGDKQDEFK,1
>label_1,PFDKKQFVAFIKKYIKLLTPKLEGEKQEEFK,1
>label_1,QGRDRRFQAVLPLRGKILNIERKDEAAMYKN,1
>label_1,ALATLFSEQGKVIEAKVVYDRDSGRSRGFGF,1
>label_1,LEGRALRVNSGPPPPKGDSPFREPRAGGASF,1
>label_1,EIGLVLKNLFEDGIVKREDLFITSKLWCSDH,1
>label_1,IGSFGAITRIVNIVPKREDLLKVAAAGPLAG,1
>label_1,KLLSTVKSVVNSAVSKEKRMGASLLRLHFHD,1
>label_1,PLDLQTPTFFDNKYYKNLINQKGLLHSDQIL,1
>label_1,RGEKAMQLLESGLKVKEYELLRRNFSETGCF,1
>label_1,RRRCKSRVGIQHRVTKDDAMKWFQVKYEGVI,1
>label_1,PGGAFDPLGYSKDPVKFEENKVKEVKNGRLA,1
>label_1,DPLGYSKDPVKFEENKVKEVKNGRLALLAFV,1
>label_1,EFLAISFVEHQRSMEKDPEKKKYPGGAFDPL,1
>label_1,DPLRLGEVPENLERYKESELIHCRWAMLAVP,1
>label_1,KKKYPGGAFDPLGYSKDPVKFEENKVKEVKN,1
>label_1,KMASIDAQLRLLAPGKVSEDDKFVEYDALLL,1
>label_1,HLKSGKNFLRNQDPEKAFVEFKAALELAQSL,1
>label_1,AEEGKAKAVAFDEIDKAPEEKKRGITIATAH,1
>label_1,GSALSALQGTNEEIGKKAILKLMDAVDEYIP,1
>label_1,QGAPMKTTVTGVEMFKKILDFGQAGDNVGLL,1
>label_1,TTLTAAITKVLAEEGKAKAVAFDEIDKAPEE,1
>label_1,REPGRAESDFGRLDAKTVVRNVYILFSKSEI,1
>label_1,ANGALYTKSGFRTALKVPYRSFGEEFKLPNT,1
>label_1,AYGALYTKSGFRTALKVPYRPLPSSLTALSS,1
>label_1,KVGFKGFGVPKEQHDKVAKFSFHGQPAELKH,1
>label_1,HTNKKILEEVAIIPSKRLRNKIAGFSTHLMK,1
>label_1,NKIAGFSTHLMKRIQKGPVRGISLKLQEEER,1
>label_1,DEFELTMALSGCRSLKEITRDHIVADWDIPR,1
>label_1,DEFELTMALSGCRSLKEITRNHIVTDWDLPR,1
>label_1,LASYVAGQIDRSLSWKDVKWLQTITQLPILV,1
>label_1,LASYVAGQIDRSLSWKDVKWLQTITTLPILV,1
>label_1,EKGKEQIELETAPDDKIEKGKSKREKRIDIG,1
>label_1,AARIACNKYMTKFAGKDAFHLRVRVHPFHVL,1
>label_1,AHVPREEVENRIEQMKEVTSKNLEKLEEEKD,1
>label_1,VSNIYTKIVSLANEFKQGRMPREDEVADWHG,1
>label_1,RIERQIGRPAFDDFLKKYIATFKFQSIDTDM,1
>label_1,DVCINYKTEDFVARVKEETQGKGVDVILDSV,1
>label_1,PDPDRWPSSKGGKGFKEVAKKVHSMGLKFGI,1
>label_1,GVEFKDTLISPETGVKARIFLPKINGPDHKL,1
>label_1,LISPETGVKARIFLPKINGPDHKLPLLVHYH,1
>label_1,LTKMGCSKVIVFVAEKDRLKPRGVDYYETLK,1
>label_1,SFPQIRLPPKAIEAAKRAGKVPDVLYCLKLL,1
>label_1,MSPKALDYESLNENVKKAQYAVRGELYLRAS,1
>label_1,TALKQHRVLRSATEFKYGYKLVENNNLRSAI,1
>label_1,ELPSKDELKTVLDKVKDFFGDAKESFGKMTA,1
>label_1,IMVAAKDNFVGKYIYKDTLARNLAAVIYRDE,1
>label_1,GSAYVRGLQQRDDGDKDRLKVAACCKHYTAY,1
>label_1,VRGLQQRDDGDKDRLKVAACCKHYTAYDLDN,1
>label_1,NQVNGKPTCADPDLLKGVVRGQWKLNGYIVS,1
>label_1,CDPTVAVAARVDDLVKRLTLQEKIGFLISGA,1
>label_1,YTCPFAQRAWIARNHKGLQDKIKLVAINLLN,1
>label_1,IKLVAINLLNRPAWYKEKVYPENKGLKSFFR,1
>label_1,LSYSDTVNKTVFTSFKGDPAKETGGVFDYLE,1
>label_1,SKKMEEGVVVNKFRPKDPYVGRCLLNTKITG,1
>label_1,VEKISKKMEEGVVVNKFRPKDPYVGRCLLNT,1
>label_1,GIAPFRSFLWKMFFEKYDDYKFNGLAWLFLG,1
>label_1,QVDNARLEQVFSEHGKVVDARVVYDRDTGRS,1
>label_1,IYAKDDLLPLFDGSAKRRVSLEVLRRKNVLL,1
>label_1,LSTLAHKINSIHDHLKKQLELCFQLIEEKRS,1
>label_1,YEDIWKINVPTNGFDKSFKDHHDKLHGIAHP,1
>label_1,IWKINVPTNGFDKSFKDHHDKLHGIAHPCCR,1
>label_1,RFEFPSVAGRIPESMKCPECLRVMEKHITFI,1
>label_1,MAMSKMTPGSMQQLIKGDRSMLMSSDDNVLM,1
>label_1,IQKSYSPAFPLKHQQKDMRLALALGDQNAVS,1
>label_1,NKTKLLRLFADFKTDKEDEQFEADKAQVIRE,1
>label_1,KAAGFPEPEIIHYNPKEFDFGKKKSFPFREQ,1
>label_1,GDKYVTFDGLAKACAKAAGFPEPEIIHYNPK,1
>label_1,LAMAFIQVLGNEKASKQVFNISGDKYVTFDG,1
>label_1,QLPGESEKDYADFSSKILHLKGDRKDFEFVK,1
>label_1,KDALAESDKITLETAKLLREDYLAQNAFTPY,1
>label_1,IKHRLGDLFYRLVSQKFEDPAEGEEALVGKF,1
>label_1,MLQTWPVRTPRPVASKLAADTPLLTGQRVLD,1
>label_1,KWRPSVPFVEQLRALKELIDEGKVRYIGVSN,1
>label_1,FVEQLRALKELIDEGKVRYIGVSNETSYGVM,1
>label_1,KILRVDAANIKESVEKSLKRLNTDYIDLLQI,1
>label_1,NLFPGYMERYNRSIAKEATIKYIEVAKKHGL,1
>label_1,MRDNAKILRVDAANIKESVEKSLKRLNTDYI,1
>label_1,GSLSGKYIDIDSEAAKRGRLNLFPGYMERYN,1
>label_1,EKPLAAYLFTNDKKLKEEFVRNVSAGGLLIN,1
>label_1,LPYSCRAGSCSSCAGKVVGGKVDQSDGSFLD,1
>label_1,SKKAMVILKETSEQLKIQAEKARYDLTVVAK,1
>label_1,VILKETSEQLKIQAEKARYDLTVVAKEISEE,1
>label_1,EISEEGKEYLSTAAEKSPEPVKDIIETFASS,1
>label_1,AKESQEAWKQTLASFKEQALKMQSVSQEAYE,1
>label_1,GTYPVKIENGQFAVFKQTGKDGSCGAVVYWG,1
>label_1,GKIYNATGGTMKYSVKHDFSGKLGTYPVKIE,1
>label_1,VIKVAIEPKTKADVDKMATGLIKLAQEDPSF,1
>label_1,ANVGAPQVNYRESISKVSEVKYVHKKQSGGQ,1
>label_1,KGFAVKAGVRDVDKAKISFSDGNPDLQFVKA,1
>label_1,EGSEITEKEEVSVIEKRKIFVAGATGNTGKR,1
>label_1,EKRKIFVAGATGNTGKRIVQQLLAKGFAVKA,1
>label_1,KEYVSGFPKESDMVVKTGTIRLQLPEDSKNA,1
>label_1,GGGVARVLDSGHPNFKKGDLVWGRTGWEEYS,1
>label_1,GYGVARVLDSGHPNFKKGDLVWGMTGWEEYS,1
>label_1,EEVDWYRGKRMAYIYKAKVKKNGSQYRCIWG,1
>label_1,LNGVSLEDDKKVQFNKFKQELARLSQKFEEN,1
>label_1,RGAMIFFRKGVKEINKQGKEVLYDYEDKINQ,1
>label_1,MIFFRKGVKEINKQGKEVLYDYEDKINQAVF,1
>label_1,SIRIREMVYHKVKLNKILSRVTGKPEQQIEI,1
>label_1,TGGPSFKDNKRESNFKTREETDEKRGQFSLV,1
>label_1,VAAIDGLPDTGGPSFKDNKRESNFKTREETD,1
>label_1,ESYVVDDAGVLSRVTKSDLRRLLSDLELRKN,1
>label_1,LATEEKYNEAVYSSAKRLVAAIDGLPDTGGP,1
>label_1,KSDAKAQALKAAKAVKSGSSTFKKKAKKIRT,1
>label_1,ALKAAKAVKSGSSTFKKKAKKIRTTVTFHRP,1
>label_1,AAKGPMLLGVKAVIAKSFERIHRSNLVGMGI,1
>label_1,SCLDNKVGFKGFAVPKEAQDKVAKFSFHGQP,1
>label_1,LLESAIRNCDNFQVTKDDVEKIIDWENTSPK,1
>label_1,SGGYAFHEHHEKKDAKEEDEESHGKKHHHLF,1
>label_1,TTAPPRFSEETPDYEKEVKQHKHREHLGELG,1
>label_1,AVGSGGYAFHEHHEKKDAKEEDEESHGKKHH,1
>label_1,EQAKLAVAKDEAELSKLTSEEKILKGLVQQL,1
>label_1,TLRKQEVEQAKLAVAKDEAELSKLTSEEKIL,1
>label_1,AAERAKESAKDIFNVKGFIDKKAWPYVQNDL,1
>label_1,GTLNADEARDTDLPLKERFFIQPLSATAAAE,1
>label_1,PLSATAAAERAKESAKDIFNVKGFIDKKAWP,1
>label_1,KLFQDLNNLDHAVKIKSPSEAEKYYAVAVST,1
>label_1,NTVIAAKPKEQKKPLKDLTGKLFQDLNNLDH,1
>label_1,IDKKAWPYVQNDLRLKAGYLRYDLNTVIAAK,1
>label_1,KAGYLRYDLNTVIAAKPKEQKKPLKDLTGKL,1
>label_1,WLAASFKRDEGIDLLKDKQALQRLTETAEKA,1
>label_1,AASFKRDEGIDLLKDKQALQRLTETAEKAKM,1
>label_1,GDEVERMVKEAETYAKEDKEKRDAIDTKNQA,1
>label_1,PAPVKEKVEAKLGELKDAMSGGSTQAMKDAM,1
>label_1,TGASTLPGDEVERMVKEAETYAKEDKEKRDA,1
>label_1,DDFDKRVVDWLAASFKRDEGIDLLKDKQALQ,1
>label_1,TFPSGIKALADYVHEKGLKLGIYSDAGVFTC,1
>label_1,VAEFFDAAVKLALKIKADTEGPKLKDFVSTM,1
>label_1,IDQLAKEYSGKLKCYKVNTDESPSIATRYGI,1
>label_1,CGPCRMIHPVIDQLAKEYSGKLKCYKVNTDE,1
>label_1,ATRYGIRSIPTVIIFKNGEKKDAVIGAVPKS,1
>label_1,FTQRTKSKFVFAGPSKSTETLFKYTAPEQVP,1
>label_1,EKRQKFIRWRIQFLEKSIRKLDFSPDGICTF,1
>label_1,KLLSEKGDLEPVAAAKIKQITAELEATAAKS,1
>label_1,SYEEAIAGLKKLLSEKGDLEPVAAAKIKQIT,1
>label_1,SFNPVERIKTGFAHFKTEKFDALYGELAKGQ,1
>label_1,VAGVVVKVGSQVKSLKEGDEVYGNINEKALE,1
>label_1,HVFGASRVAATSSTGKLELLKSLGADLAIDY,1
>label_1,GYDVAGVVVKVGSQVKSLKEGDEVYGNINEK,1
>label_1,VLIKVVAAALNPVDFKRRLGKFKASDSPLPG,1
>label_1,NCLTQLYAKDITPDDKQELDEALQREIQAAF,1
>label_1,ASWRILSSIEQKEESKGNEVNAKRIKEYRHK,1
>label_1,SIEQKEESKGNEVNAKRIKEYRHKVESELTE,1
>label_1,GSRRASWRILSSIEQKEESKGNEVNAKRIKE,1
>label_1,LAEQAERYDEMVDAMKKVANLDVELTVEERN,1
>label_1,YYKMKGDYYRYLAEFKAGNEKKEAADLSLKA,1
>label_1,KKSERLKEKEKGLEAKLKSSKENEKAIKAEE,1
>label_1,PASKNAEKVETDSNAKKAVQDKKDANSVEKG,1
>label_1,TEEEKKAAEERAAAMKASGKKKEFNTGKSSI,1
>label_1,KLYEDMKFRIEAATEKGRLSKEVKDQHKGFL,1
>label_1,YKAKKISEEEYVKAIKEEINKVVKLQEELDI,1
>label_1,ISEEEYVKAIKEEINKVVKLQEELDIDVLVH,1
>label_1,ASRKSSPRVTNEAVQKAAAALRGSDHRRATN,1
>label_1,TAGRPKLAAWIEELNKNEAYKQTKRDPKDHV,1
>label_1,KLAAWIEELNKNEAYKQTKRDPKDHVENYKK,1
>label_1,FLLDVKNYDITAGRPKLAAWIEELNKNEAYK,1
>label_1,YPQNKVPSLEHNNEVKGESLDLVKYIDSNFE,1
>label_1,QNRPTWYKEKVYPQNKVPSLEHNNEVKGESL,1
>label_1,SMKHVPGFIEKAEELKAKGVDEILCISVNDP,1
>label_1,STGAAKAVALVLPTLKGKLNGIALRVPTPNV,1
>label_1,GAAKAVALVLPTLKGKLNGIALRVPTPNVSV,1
>label_1,VIEGTGVFVDREGAGKHLQAGAKKVLITAPG,1
>label_1,FVDREGAGKHLQAGAKKVLITAPGKGDIPTY,1
>label_1,KPVGDDAISVDGKIIKVVSSRNPVNLPWKDL,1
>label_1,AEVKPVGDDAISVDGKIIKVVSSRNPVNLPW,1
>label_1,CTTNCLAPFVKVIDQKFGVIKGTMTTTHSYT,1
>label_1,PVSVAFQVVDGFRSYKDGVYTSDTCGKTPMD,1
>label_1,CRELAPDVYKVEQQYKDRVNFVMLNVDNTKW,1
>label_1,RVGTFRRQLEKIILDKHEDTMSKMGAILASG,1
>label_1,KVIADVFKMLKADDGKAVKEEEFKKIMSEIL,1
>label_1,ADVFKMLKADDGKAVKEEEFKKIMSEILGSI,1
>label_1,MLKADDGKAVKEEEFKKIMSEILGSILLQLE,1
>label_1,VDQMDKVIADVFKMLKADDGKAVKEEEFKKI,1
>label_1,LAEFKKVAERVAQNLKDQPVIVAHSENTFDG,1
>label_1,CHILGRLLYTAKLVAKQEGLEEGFRVVINDG,1
>label_1,RDISPQAPTHIVIIPKVRDGLTGLSKCLHGG,1
>label_1,GIKVVDLLAPYAKGGKIGLFGGAGVGKTVLI,1
>label_1,GIKVVDLLAPYQRGGKIGLFGGAGVGKTVLI,1
>label_1,KTKIFRLFGREKPLHKVFGGGKPADIFLWRN,1
>label_1,HSDDSSSSSFESDSDKNPKSSVKTKIFRLFG,1
>label_1,KAMIEIKKQYAVFDSKVLSKIPRGPLKDKKR,1
>label_1,RAAKAAGDVGQKTKEKVAEEEQGRNPAEEGH,1
>label_1,SEKIGVGTTIVNDKVKEMDEKFQVSEKTKSA,1
>label_1,WFKGIGSVVAVDQDPKTRYPVVVRFNKVNYA,1
>label_1,PPIGPKRGTKVRILRKESYWFKGIGSVVAVD,1
>label_1,ATTTVSPPKPPPIGPKRGTKVRILRKESYWF,1
>label_1,GEIELNEEEMNAGKDKAMGMFKVVEEYLLAN,1
>label_1,NEHVAIKKIANAFDNKIDAKRTLREIKLLRH,1
>label_1,QYSPSQIGAFILTKMKETADSYLGKTVTKAV,1
>label_1,RSSGGLSEDEIEKMVKEAEMHAQRDQERKTL,1
>label_1,SEIESAVADLRNAMGKDNIDEIKAKLDAANK,1
>label_1,NHLIERTRSPCKNCLKDAGITTKEVDEVLLV,1
>label_1,FLVSEFKRTEAIDLSKDRLALQRLREAAEKA,1
>label_1,GTTNSCVSVMEGKTPKVIENAEGSRTTPSVV,1
>label_1,GELGANKFTGFSNDIKEASNKVGTVTVDILR,1
>label_1,TLYRRVASYENAEDFKQDMRLLMSPVRLGGE,1
>label_1,PKISDDVLAKAFQVDKKVVDHLQAQFWWPSN,1
>label_1,PGVITIAKAVFGSNPKISDDVLAKAFQVDKK,1
>label_1,AVFGSNPKISDDVLAKAFQVDKKVVDHLQAQ,1
>label_1,QLMLERDPHGNVQVAKIETEKMFIQMVETEL,1
>label_1,GTDVLIAIERQRVVEKEAETKKKIAISEAEK,1
>label_1,AFLESGTPEENKAIAKVARVQPPVESLDLLA,1
>label_1,LGGGVSAGYAAREFAKQGVKPGELAIISKEG,1
>label_1,GRPLTTLFKGQVEEEKGGIETDSFFKTSVPH,1
>label_1,REIDDADKLVEAIQAKKNGKVVIVGGGYIGL,1
>label_1,ISKEGVAPYERPALSKAYLFPESPARLPGFH,1
>label_1,IVVVGVGGRPLTTLFKGQVEEEKGGIETDSF,1
>label_1,FAKQGVKPGELAIISKEGVAPYERPALSKAY,1
>label_1,VEHVDHARKSAEHAVKAIFASTEGKSIEEYD,1
>label_1,KVVGAFLESGTPEENKAIAKVARVQPPVESL,1
>label_1,GDVEGLKNALASGADKDEEDSEGRTALHFAC,1
>label_1,FTPTCSQKHLPSFVEKAAELKSKGVDTIACV,1
>label_1,SRYYDLKVGGGAEAVKGSRVAVHYVAKWKGI,1
>label_1,VRIAGQGPPIEAAPAKKEAPAGDDDDDLDLF,1
>label_1,QFLSGKKYISGDKLTKDDVKVYAAVLEKPSA,1
>label_1,HTESGLKSLNQFLSGKKYISGDKLTKDDVKV,1
>label_1,SVLLDVKPWDDETDMKKLEEAVRSIEIPGLL,1
>label_1,LGFLIEKAGGYSSDGKQSVLDKVIVNLDDRT,1
>label_1,GKWIHVKDTTEIGEGKMFSPGNLRATFDNPD,1
>label_1,GKWLQVKDTTEIGEGKMFSPGNLRATSDNPD,1
>label_1,RLMVCMGEALRTIAFKVRTASCGGTACLNSF,1
>label_1,RLMVCMGEALRTIAFKVRTASCGGTACVNSF,1
>label_1,VIVNLDDRTQVAYGSKNEIIRFEETLYGSSR,1
>label_1,VPERVKATLNYEEMSKDPKKFLTPDIPDDEI,1
>label_1,QAIDVEIQAREIMHNKDNVTRIISTVTGRPF,1
>label_1,RIISTVTGRPFEQVQKDIDRDRYMSPIEAVE,1
>label_1,AFKDYFKRLFNFKKDKDGYWKWFAGNLASGG,1
>label_1,NQDEMIKTGRLSEPYKGISDCFARTIKDEGI,1
>label_1,AFNQIIKKEGPKSLFKGAGANILRAVAGAGV,1
>label_1,SEPYKGISDCFARTIKDEGILSLWRGNTANV,1
>label_1,VRRRMMMTSGEAVKYKSSIDAFNQIIKKEGP,1
>label_1,LELESFKEKIKENQEKIKLNKQLPYLVGNIV,1
>label_1,VLRASRLLDNEIRILKEELQRTNLELESFKE,1
>label_1,PSSGLMPASDVLIRAKEVIINRDVLVGLLAK,1
>label_1,VHSRGKALAKDVDFEKIARRTPGFTGADLQN,1
>label_1,ATADVVDAEVRELVEKAYSRAKQIITTHIDI,1
>label_1,LNAVKKGKVERVRFSKDGGALQLTAVDGRRA,1
>label_1,VFKTIEKRKVLSNVEKSGLLSKAEELGFTLS,1
>label_1,TNRPLAGTVRRGKTPKEDYMLEKQLLSDEKQ,1
>label_1,FYKASKQRFDNDPGFKERAQQAVVSLQGGEE,1
>label_1,GINALHIKLRATGGNKTKTPGPGAQSALRAL,1
>label_1,FCFGQIMSRRKVREPKEETVTLGPSVRDGEI,1
>label_1,GQCRPLSKTVRFNVLKVIPAGSSAGGKKAFT,1
>label_1,EVDRLHSGGGGPNIFKKLMENIEETVGFGKG,1
>label_1,FASDPDQLKSAREDIKELLNTKFCHPILVRL,1
>label_1,LSYEDFFSKRSEALLKVVRMGARIKKQDMQP,1
>label_1,GIPQHDMVRVKAALNKQSKTRLIGPNCPGII,1
>label_1,RLVNSKEAPPTFEQPKMTLEKLLEYGSMLVQ,1
>label_1,SSIGVESIGKRLVNSKEAPPTFEQPKMTLEK,1
>label_1,RIGVCTGIFRTDNVPKNDIVKLVDTFPGQSI,1
>label_1,EVRKWISSIGVESIGKRLVNSKEAPPTFEQP,1
>label_1,GLFSDIGKKAKDLLTKDYVSDQKITVSTYSD,1
>label_1,KGGLSTGDVGAQYKFKNTLIDVKVDTEANIS,1
>label_1,IITDIVPSTKTIASFKLPDYNSGKLEVQYFH,1
>label_1,CSVATEPLPKQVEESKMDMPKEIFLKDYKLP,1
>label_1,KLAEKKPASEKPAEEKKTVAEKTPAEKKPKA,1
>label_1,PASEKPAEEKKTVAEKTPAEKKPKAGKKLPK,1
>label_1,PAEEKKTVAEKTPAEKKPKAGKKLPKEGGAA,1
>label_1,RKGGGPKKKPVSRSVKAGLQFPVGRIGRYLK,1
>label_1,WKIKKALSLGAEGQLKKNVKIINEFVYKLIQ,1
>label_1,SWFTYALCKHPEIQEKIAREIREATGIKEVT,1
>label_1,NVKIINEFVYKLIQSKAEQMKKSPNEFSAKK,1
>label_1,AMAGDNVGLLLRGIQKADIQRGMVLAKPGTI,1
>label_1,ALTMALASMGNSAPKKYDEIDAAPEERARGI,1
>label_1,GYRPQFYMRTTDVTGKVTSIMNDKDEESKMV,1
>label_1,RTTDVTGKVTSIMNDKDEESKMVMPGDRVKM,1
>label_1,TGKVTSIMNDKDEESKMVMPGDRVKMIVELI,1
>label_1,RGMVKVGETVDLVGLKDTRNTTVTGVEMFQK,1
>label_1,LSYNTDDTSLREAFDKYGEVIEARVIIDRDS,1
>label_1,GGINSTSVKTSRALFKLNSGPDKENRYVVLG,1
>label_1,VKTSRALFKLNSGPDKENRYVVLGEKAKAQL,1
>label_1,RMKSVKNIQKITKAMKMVAASKLRAIQVRAE,1
>label_1,NIQKITKAMKMVAASKLRAIQVRAENSRGLW,1
>label_1,SFVMPSKYGSNLPLPKDPSVKIKEVPKKIVA,1
>label_1,ADQKKTDHLLALDGAKERLRLFKANLLEEGS,1
>label_1,YRASNPKITEQFSDLKRKLYTMSANEWDSIP,1
>label_1,QKYITKGYVSEEEAGKRLAQVVSEPSLTKSG,1
>label_1,AIQKEFDDLKSSSEEKVAADAKLLGEKDYEI,1
>label_1,FEKVLSDGLNQKVAEKLQLLKKKLGEGDVSA,1
>label_1,DEVRTIFISGLPEDVKERELQNLLRWLPGYE,1
>label_1,PRGMDVCITTTAKTDKEGYRLLALMGMPFRE,1
>label_1,KAMSGIILVEKTESEKLNRLKTTYLQKIVPL,1
>label_1,YFIRRPYIPVDKFFEKGNLPTAKEAQAIADD,1
>label_1,RIASVKNTKKITEAMKLVAAAKVRRAQEAVV,1
>label_1,KGNSYFIRRPYIPVDKFFEKGNLPTAKEAQA,1
>label_1,KGKKGGKKKAVDPFSKKDWYDIKAPSLFTVR,1
>label_1,YDIKAPSLFTVRNIGKTLVSRTQGTKIASEG,1
>label_1,VRNIGKTLVSRTQGTKIASEGLKHRVFEVSL,1
>label_1,QSRLLEVDNRVVVPAKTHLRIIVTPADVPHS,1
>label_1,RTALKVPYRSFGEEFKLPNTKVECPALLIMG,1
>label_1,PVPCLTYSNAQMLREKCATPILKQVRNDVTR,1
>label_1,MASTESSREENVYMAKLAEQAERYEEMVEFM,1
>label_1,MVATEASREENVYMAKLAEQAERYEEMVEFM,1
>label_1,RGNEDHVSIIKEYRGKIEAELSKICDGILNL,1
>label_1,RGNEDHVSIIKEYRGKIEAELSKICDGILSL,1
>label_1,QKEESRGNEDHVSIIKEYRGKIEAELSKICD,1
>label_1,AERYEEMVEFMEKVAKTVDVEELTVEERNLL,1
>label_1,YLKMKGDYHRYLAEFKTGSERKEAAESTLLA,1
>label_1,SFYVPKENQASPPPAKGLHAQRWEPIYAAVR,1
>label_1,RGIAGAVPIPSDDAGKEKVITALIANVEAMI,1
>label_1,AGMYAIRARRKTVTEKDFLDAVNKVIKGYQK,1
>label_1,RANTTNPSIELGPEFKKVSNFLSRFKSIPSI,1
>label_1,FGAGVILKGKVVIAAKTGVKLEIPNGAVIEN,1
>label_1,FPALTNSGKLDALLSKGKEYVFIANSDNLGA,1
>label_1,APTPEDPDETRKLLDKLVVLKLNGGLGTTMG,1
>label_1,LVEADALKMEIIPNPKEVDGIKVLQLETAAG,1
>label_1,AFFASRDITAFARILKQSIEQIRIKARWVEN,1
>label_1,ESLINVYKEAEAMQEKARVLRCIASCPDPDI,1
>label_1,AFSLFDKDGDGCITTKELGTVMRSLGQNPTE,1
>label_1,LMARKMKDTDSEEELKEAFRVFDKDQNGFIS,1
>label_1,DDQISEFKEAFSLFDKDGDGCITTKELGTVM,1
>label_1,TIDFPEFLNLMARKMKDTDSEEELKEAFRVF,1
>label_1,TDSEEELKEAFRVFDKDQNGFISAAELRHVM,1
>label_1,QVEIKRTIPKGSAESKDFKTKKIFVGGIPTS,1
>label_1,SVTEDEFKNFFSKYGKVVEHEIIRDHVTKRS,1
>label_1,RGRPDYVRAACETSLKRLEVECIDLYYQHRI,1
>label_1,EHNQKIFERVNEMAAKKGCTPSQLALAWVHH,1
>label_1,VPQTAENFRALCTGEKGFGYKGSAFHRVIKD,1
>label_1,LLKGTGGKSIYGRTFKDENFKLTHVGPGVVS,1
>label_1,YKEKHPNNKSVAAVGKAGGDKWKSMSEAEKA,1
>label_1,DDSTVLKGPEKPEPMKSVADKGENSSRERIQ,1
>label_1,HELRQKSKAELQSQLKDLKAELSLLRVAKVT,1
>label_1,TRAIRRRLTKHQASLKTEREKKKEMYFPMRK,1
>label_1,TDLMTITRFVLNEQSKHPESRGDFTILLSHI,1
>label_1,KRGEIVRQIGDALRAKLQQLGRLVSLEMGKI,1
>label_1,YLKMKGDYHRYLAEFKTGAERKEAAENTLLA,1
>label_1,INPVLLPKKTGSAATKEPKSPSKATKSPKKA,1
>label_1,NFEVYRNDELTVDELKKKNPRGVLISPGPGT,1
>label_1,YRYFGAAIGKGKQAAKTEIEKLKLSDMTCRE,1
>label_1,EPSGISYRYFGAAIGKGKQAAKTEIEKLKLS,1
>label_1,GVDAYPFSSERVKELKDQEEAARREQSLKSI,1
>label_1,YPFTPEKFAELEEIEKAKREAQTLESILVSK,1
>label_1,FEVDANGILNVKAEDKGTGKSEKITITNDKG,1
>label_1,RIPKVQQLLKDYFDGKEPNKGVNPDEAVAFG,1
>label_1,WLDDNQSAEKEDYDEKLKEVEAVCNPIITAV,1
>label_1,WLDDNQTAEKEDYDEKLKEVEAVCNPIITAV,1
>label_1,DKDKLADKLESDEKEKIETAVKEALEWLDDN,1
>label_1,MILTKMKETAEAFLGKKIKDAVVTVPAYFND,1
>label_1,MILVKMKETAEAFLGKKIKDAVVTVPAYFND,1
>label_1,TIFDVKRLIGRKFEDKEVQRDMKLAPYKIVN,1
>label_1,TIFDVKRLIGRKFEDKEVQRDMKLVPYKIVN,1
>label_1,QIDEIVLVGGSTRIPKVQQLLKDYFDGKEPN,1
>label_1,DKGTGKSEKITITNDKGRLSQEEIDRMVREA,1
>label_1,YNMKNQISDKDKLADKLESDEKEKIETAVKE,1
>label_1,YNMKNQVSDKDKLADKLESDEKEKIETAVKE,1
>label_1,ISDKDKLADKLESDEKEKIETAVKEALEWLD,1
>label_1,VSDKDKLADKLESDEKEKIETAVKEALEWLD,1
>label_1,WVGFTDSERLIGEAAKNQAAVNPERTIFDVK,1
>label_1,VFSPEEVSAMILTKMKETAEAFLGKKIKDAV,1
>label_1,VFSPEEVSAMILVKMKETAEAFLGKKIKDAV,1
>label_1,SLETYIYNMKNQISDKDKLADKLESDEKEKI,1
>label_1,GVMTKLIPRNTVIPTKKSQVFTTYQDQQTTV,1
>label_1,ILNVKAEDKGTGKSEKITITNDKGRLSQEEI,1
>label_1,KNQAAVNPERTIFDVKRLIGRKFEDKEVQRD,1
>label_1,LKSDRRRSKRFLEIQKLRENKKEYDLKTAIS,1
>label_1,LIATPAMMPKVAQLGKILGPRGLMPNPKAGT,1
>label_1,EKYGLEVGLWKIFSSKDEGKEGKGNKSKGDQ,1
>label_1,SLAHGGVARGLHEGAKVIEKHAAQLCVLAED,1
>label_1,TLGEWAGLCKIDSEGKARKVVGCSCVVVKDY,1
>label_1,KFGLKTTEKSSGSVDKDVKMTDAEGSSSNGI,1
>label_1,HLIKDFCKEKLEKDPKITEEKAAEFKHVLAV,1
>label_1,FCKEKLEKDPKITEEKAAEFKHVLAVLDDLS,1
>label_1,ESRAINQYIAHTYADKGNQLICQDPKKMAIL,1
>label_1,HTYADKGNQLICQDPKKMAILSVWMEVEAHQ,1
>label_1,SKLCFELLYKSMFGMKTDDAVVEENEAKLAK,1
>label_1,FGMKTDDAVVEENEAKLAKVLDVYEAQLAHS,1
>label_1,LKNKISTMTAEEYFSKHPEVKKKFDDEIRND,1
>label_1,KEAEKKSLKESERLEKEIAEVQELKNKISTM,1
>label_1,ERLEKEIAEVQELKNKISTMTAEEYFSKHPE,1
>label_1,LDQKGVGQLIKMATEKGRGARPSLKVGICGE,1
>label_1,GMERKDVMSKNVAIYKSQASALEKYAAANCK,1
>label_1,STNYSGKYTVPVLWDKKLKTIVSNESAEIIR,1
>label_1,DNGIMEELRKRAEADKNDKSVKDLVMLLFET,1
>label_1,DKPEIVERDVKGKEHKEDDKDDGKGGFIDKV,1
>label_1,INVDTPFGAMKLPISKESGTTRLKKDADDDD,1
>label_1,EDDKDDGKGGFIDKVKDFIQDIGEKIEETIG,1
>label_1,EKKKKKGEGEFFEAEKEEKNVLPQEKKDDQK,1
>label_1,EKKKKKGEGEFFEAEKEEKNVLPQGKKDDQK,1
>label_1,ISGVNVENFDDRYFAKQVEKKKKKGEGEFFE,1
>label_1,CFVGGLSWSTSDRDLKDAFEKFGHLLEAKVA,1
>label_1,FSGRSRGFGFVTFDEKKTMEEAIEAMHGMDL,1
>label_1,AMHGMDLDGRTITVEKAQPHQGSGRDHDSDR,1
>label_1,DSIEYYNEKINELIPKLEAEQKVTLREKQQG,1
>label_1,NEKINELIPKLEAEQKVTLREKQQGSALVFF,1
>label_1,DNKEVNKIWEELEGYKKKLAHAEAIYADSKK,1
>label_1,IRPTNKTGCLGLTGKKVDSIEYYNEKINELI,1
>label_1,GAEVKKTKVKKLKKPKVTVAEASAKIDASDL,1
>label_1,RYNLSLGLGLNKVAGKVFRIAHLGNLNELQL,1
>label_1,RYNLSLGLGLNKVAGKVFRIGHLGNLNELQL,1
>label_1,ILTCPFEPPKPKTKHKVDIDTVEKFQNLRQQ,1
>label_1,VTYGVEKGSKDPQLQKVGKITIDQLRTIANE,1
>label_1,GVLLLENVRFYKEEEKNDPEFAKKLASLADL,1
>label_1,VRFYKEEEKNDPEFAKKLASLADLYVNDAFG,1
>label_1,VFEFDKFAVGTETTAKKLAELSSEKGVTTII,1
>label_1,IPEGGVLLLENVRFYKEEEKNDPEFAKKLAS,1
>label_1,VSNPKKPFAAIVGGSKVSSKIGVIESLLEKV,1
>label_1,TSLNGRVESATIPAAKKADLKAKVSVLQNQV,1
>label_1,LTNIIKQNLAVGDIFKRENLQFPTEELVKEV,1
>label_1,EAELSMEDLVKLVTEKEELLNVKHKEIEKMQ,1
>label_1,LEGVEMTEKQLAEVLKKYGVEKYDPTNEQFD,1
>label_1,EKVPDSYFCPVCGAPKRRFRAYAPDVSKNAN,1
>label_1,RVAKAAEEVGQKTKEKMAEEEQGRHLSEGYA,1
>label_1,DVSPHEFVKAYAAHLKRSGKMELPHWTDIVK,1
>label_1,GINPARSFGAAVIYNKKAVWDEHWMFWVGPF,1
>label_1,TLLIHEGVKAEEEFEKCGKVPDPSSTDNAEF,1
>label_1,LPKHLDEKVAALHLGKLGAKLTILTKDQAEY,1
>label_1,KQRLVGVSEETTTGVKRLYQMQANGTLLFPA,1
>label_1,ALIVEKTTTGREYKVKDMHQADFGRLELELA,1
>label_1,PRVDGQLAVARAFGDKSLKEHLSSEPDVASE,1
>label_1,SVDHEPNRERTTIENKGGFVTKFPGDVPRVD,1
>label_1,SLLNNIKETLAEGVSKKKSVSFSEEEISKSV,1
>label_1,SWKSPITSDIVSGAEKRLGGTAVDDLGRLFW,1
>label_1,SGHDKGRIGEITKIFKHNSTVVVKEINLKTK,1
>label_1,HVKVGDTVKIISGHDKGRIGEITKIFKHNST,1
>label_1,TLGSGAAKKATSRSSKAGLQFPVGRIARFLK,1
>label_1,YMSKISPIKPVGPLFKNPKAPNSNVRGDFMK,1
>label_1,SSLAEKEEEIKDKAAKIEYAEQRLTTLSLEL,1
>label_1,FISFDSEDAVDRVLHKTFHDLNGKQVEVKRA,1
>label_1,VAVATEYSFPQADKVKEYLEDPTKFAVAVAP,1
>label_1,LGITLVKFAGDQSGLKEAVRLAEFFEKENHG,1
>label_1,LEIYQKKLLDSGQATKEDIDKIHKKVNTILN,1
>label_1,KVYYELDEERRKVEGKDIAICRVEQLCPFPY,1
>label_1,DALLVELKEAEATSLKESERLEKEIVEVQEL,1
>label_1,ESERLEKEIVEVQELKQKISTMTADEYFEKH,1
>label_1,AVTNQVGNNYYRPDLKNAALARLSAVHRSLK,1
>label_1,IQPGGKDQSVLLATTKTKKQAKPSTLLHKSV,1
>label_1,LVKEFGNGTASVRFSKESNNLYNLNSYKHSG,1
>label_1,TTKTKKQAKPSTLLHKSVMKKEFRRMAKAVT,1
>label_1,VDEPTLRTILMTYKHKTHAVDSDGKIISNAD,1
>label_1,FRKDNRPMLGRNELFKNTLRKAAYAWKRIIE,1
>label_1,SWKSPITADLVSGSEKRLEGFSLLHSQNRLI,1
>label_1,MYRKQHKKDAAQEAVKKRRRTTKKPYSRSIV,1
>label_1,KTKDEKKAKKAEVTAKTQKSQGKGISKGAVP,1
>label_1,AGESGIRLIDRFDASKFPTRFAGQIRGFNSQ,1
>label_1,SQRNDDPQTASRPWDKERDGFVMGEGSGVLV,1
>label_1,PDEVADVKYVNRDELKELLRKADAGEGGLKL,1
>label_1,DVPVDQFTPLGRMLYKAPSDGKWGEHELDYL,1
>label_1,FFEAEKEEKNVLPQEKKDDQKTVDAPLIKAI,1
>label_1,IATSTKVDISGVNVEKFDDKYFARQVEKKKK,1
>label_1,TMGPVKKAMEDAGLEKRQIDEIVLVGGSTRI,1
>label_1,LIGRKFEDKEVQRDMKLAPYKIVNKDGKPYI,1
>label_1,FEDKEVQRDMKLAPYKIVNKDGKPYIEVQIK,1
>label_1,IDRMVREAEEFAEEDKKVKEKIDARNSLETY,1
>label_1,SLETYIYNMKNQVSDKDKLADKLESDEKEKI,1
>label_1,AEKYLIEKSVKEKMEKTIETVRSNFNSIRTG,1
>label_1,EASSLLVQPYDKSSLKAIEKAIVSSDLGFTP,1
>label_1,VALRNIRRDAIKAYEKLQKEKKLSEDNVKDL,1
>label_1,QKMIDEYMKKIDSIYKQKEKVLSASTNPMTL,1
>label_1,YEKLQKEKKLSEDNVKDLSSDLQKMIDEYMK,1
>label_1,SRELLKVVSKQVEEGKVALRNIRRDAIKAYE,1
>label_1,LLEKLSVEDERGAEDKASEEVSVATKEESES,1
>label_1,IFNPLNFAPTQEAKEKELANGRLAMLAFLGF,1
>label_1,LSAAWQMYKAQEELIKVAKEYGVKLTMFHGR,1
>label_1,PVWLGFGAAFKHVIDKDIKNLHMLREMYNQW,1
>label_1,RYGENPHQKAAVYVDKRLSEVNAGGIASAIQ,1
>label_1,ILRGKSKTLRILEASKNEKGKLSFRQIGGGL,1
>label_1,WKKLLRGDDKLPHYVKVDWDKWVDEDDDTSS,1
>label_1,DAAMRLQPRCSQKADKESNDSVITTRLLVLS,1
>label_1,KGGEIAKQLRTETQSKIRIGETVPGCEERVV,1
>label_1,VSGSKLYICKAQAGDKRWFKGAKKFVESAAT,1
>label_1,DPNSNVCVMVTPTDKKSITDFGSPEDFLSKV,1
>label_1,QLITATVSGSKLYICKAQAGDKRWFKGAKKF,1
>label_1,IISVLTRTADGDEGGKHQLITATVSGSKLYI,1
>label_1,GSPEDFLSKVDYLLGKQAYSGKTEAEGGFEP,1
>label_1,GNGFTVQIPAKWNPSKEVEFPGQVLRYEDNF,1
>label_1,TFNVKPKMKALEISEKARDAILSRKYLQVRV,1
>label_1,GFVEILENDLSKLREKGVDAQIASGGGRMYV,1
>label_1,RGWDAQVLGEAPHKFKSAVEAVKKLREGAND,1
>label_1,MYVTMDRYENDWGVVKRGWDAQVLGEAPHKF,1
>label_1,RPQLVKLDKALKLAEKWVNNMTKSTEDKSTE,1
>label_1,LNLYIKNLDDSIGDDKLKELFSPFGAISSCK,1
>label_1,VFVKNLSESTTEEDLKKIFGEFGTITSVVVM,1
>label_1,NEILLGKALKGGMRDKVELASKFGIIYTDEK,1
>label_1,LGDGIKWNYTKFLVNKEGKVVERYAPTLPPL,1
>label_1,NGKNAAPLYKFLKSEKGGILGDGIKWNYTKF,1
>label_1,GLIAEIISRFERKGFKLVAIKIVVPSKDFAQ,1
>label_1,VVPSKDFAQKHYHDLKERPFFNGLCDFLSSG,1
>label_1,RKGFKLVAIKIVVPSKDFAQKHYHDLKERPF,1
>label_1,VIKYGRKLIGATDPQKSEPGTIRGDLAVVVG,1
>label_1,SDALREAITQITNDAKEKKRNFTETVELQIG,1
>label_1,SQVITEFCKSIGADAKQRQGLIRLAKKNGER,1
>label_1,RLEKGASYQQIKDAIKEESGGKLKGIMGYTE,1
>label_1,SYQQIKDAIKEESGGKLKGIMGYTEDDVVST,1
>label_1,VHGHWKHSDVKVKDSKTLLFGEKPVTVFGIR,1
>label_1,VHGQWKHHELKVKDSKTLLFGEKAVAVFGLR,1
>label_1,DLTVRLEKGASYQQIKDAIKEESGGKLKGIM,1
>label_1,FKYDSVHGHWKHSDVKVKDSKTLLFGEKPVT,1
>label_1,YDSVHGHWKHSDVKVKDSKTLLFGEKPVTVF,1
>label_1,PTVDVSVVDLTVRLEKGASYQQIKDAIKEES,1
>label_1,IETYMFKYDSVHGHWKHSDVKVKDSKTLLFG,1
>label_1,GIADKIISSRDIAFEKRNYDEMLAQSKAMRR,1
>label_1,FRAMQPNSSTKLYLPKISRSSGAVIDMWIKA,1
>label_1,GFIRDDGRTDYVDIVKTARWEYSTRPLYGWG,1
>label_1,KETEMGSKDELMEALKKEAVDLENIPIEEVF,1
>label_1,GAGPAAKAASESAPPKEEKVEAPATSPEPKV,1
>label_1,PAAKAASESAPPKEEKVEAPATSPEPKVTKA,1
>label_1,PKEEKVEAPATSPEPKVTKAPAPSSAEDRIF,1
>label_1,VIAITVEDEEDIAKFKDYEPSKSGAGPAAKA,1
>label_1,APSSAEDRIFASPLAKKLAEDHNVPLSSIKG,1
>label_1,AKKLAEDHNVPLSSIKGTGPDGRIVKADIED,1
>label_1,ELRSQLNSLQEASGGKRISINDLVIKAAALA,1
>label_1,INVEHSEKNQEAIKFKENQMNKEKQIVLQKK,1
>label_1,KAQALKEKEAGNAAYKKKDFENAIQHYTKAI,1
>label_1,EEREARERKAQALKEKEAGNAAYKKKDFENA,1
>label_1,QQEYFDPNIADEEREKGNEFFKEQKYPEAVK,1
>label_1,PNIADEEREKGNEFFKEQKYPEAVKHYSEAI,1
>label_1,QINKASRGDLSPEEMKERQAKAMQDPEIQNI,1
>label_1,RAAVYLEMGKYDECIKDCDKAVERGRELRSD,1
>label_1,ADLGGTEIDLRFASSKEGRLFVIVAPVLRFA,1
>label_1,KMLRDRLTGLLLIKDKQEFLQDQSKELESRI,1
>label_1,PYVEMVTEAIVTLKEKNGSSQYAITKFAEEK,1
>label_1,DAGVIEEYLEKSKANKELNDSKRLATTDANF,1
>label_1,QKKVKFLSEDLELECKGKDKYKCGSNVFWKW,1
>label_1,TCKFPENFTGCQDLAKQKKVKFLSEDLELEC,1
>label_1,QEWWGVDFEIRNHALKVSQFDSGYKALIPDL,1
>label_1,EERVEEVLNEFLKDFKEGALETKGWPTFSSA,1
>label_1,LLTRVEQLRLLTKAEKAGLLSAAEKFGLSLS,1
>label_1,IMNVIGEPIDEKGDLKTDHYLPIHREAPAFV,1
>label_1,HILGEGHYNTARGVQKVLQNYKNLQDIIAIL,1
>label_1,TLGRIMNVIGEPIDEKGDLKTDHYLPIHREA,1
>label_1,LYREMIESGVIKLGEKQAESKCALVYGQMNE,1
>label_1,PRVGENGLIDRLEIAKVVKGLMEGEEGKHAC,1
>label_1,GENGLIDRLEIAKVVKGLMEGEEGKHACSRM,1
>label_1,EGEEGKHACSRMTDLKDAAAKAISDDGASTK,1
>label_1,GLVGEVISRFEKKGFKLTALKLFQCPKELAE,1
>label_1,LHGEGRPVMDWATRVKIASGAARGIAYLHED,1
>label_1,NVEKQMRLAGDVAGTKKAVTDILQLCFEARA,1
>label_1,LSRKISPRVFNADTSKEKKKPKEGDNVVEEA,1
>label_1,GAKATSALKATASAEKIRVVAHSMIASAEKT,1
>label_1,QSDQHHNKEANIIDGKAIAQTIRSEIASEVL,1
>label_1,HWEMKGVPLRIEIGPKDLANNQVRAVRRDNS,1
>label_1,LWKRAELLHKAAAILKEHKAPIGECLVKEIA,1
>label_1,RAELLHKAAAILKEHKAPIGECLVKEIAKPA,1
>label_1,QACTQEEVNKAMETAKTAQKSWAKTPLWKRA,1
>label_1,QEEVNKAMETAKTAQKSWAKTPLWKRAELLH,1
>label_1,AILKEHKAPIGECLVKEIAKPAKDAVTEVVR,1
>label_1,VMDAKQKGATFCQEYKREGNLIWPLLLDHVR,1
>label_1,APIGECLVKEIAKPAKDAVTEVVRSGDLVSY,1
>label_1,ELELCQRVKAWIEQGKDVRLGEWKAADIEIL,1
>label_1,AAAIIKNNQDLVLRYKSVINDGLKLDLGHAL,1
>label_1,LLVTNPKRVEKAIKEKDCNALLLKVNQIGSV,1
>label_1,SEFYDGKDKTYDLNFKEENNDGSQKISGDSL,1
>label_1,KAKYMDKPPQGKHSTKGLGKNVPQESDHVKW,1
>label_1,VIMGCRDFLKAKRAAKAAGIAKENYTVMHLD,1
>label_1,QKYITKGFVSEEEAGKRLAQVVSDPSLTKSG,1
>label_1,ASFENKLSEEASDVEKARKVWELSEKLVGLA,1
>label_1,PLFRLLFPPFQKYITKGFVSEEEAGKRLAQV,1
>label_1,LDQVRALEHEMLMRIKQQGLDVTPRILVVTR,1
>label_1,GTEYSHILRVPFKTEKGILRKWISRFDVWPY,1
>label_1,SRTFVHERVYDEFLEKSKARALRRVVGDPFK,1
>label_1,RGQIQNLSKKTKRSPKVEVGTKTTDASMDEW,1
>label_1,TGGMVPDVNQIIVKEKGIFTNVTSPSSKAKL,1
>label_1,VKASKPESEPQFFPEKRNLEDLWQQVFPVGT,1
>label_1,EETTSKSNVETTTSNKESSKAGRRAKRVKAS,1
>label_1,ASQKVEPKSTEETTSKEASQSKVTEETTSKS,1
>label_1,MRKGTKRKASQKVEPKSTEETTSKEASQSKV,1
>label_1,IEAIKLGSTAIGLKTKEGVVLAVEKRITSPL,1
>label_1,SAYRKLARSYHPDVNKEPGAEQKFKEISNAY,1
>label_1,PIAAEVFKKAGTYDEKKLFGVTMLDVVRAKT,1
>label_1,EKKLFGVTMLDVVRAKTFYAEKAKVPVEGVN,1
>label_1,VTMLDVVRAKTFYAEKAKVPVEGVNVPVVGG,1
>label_1,QIVETEHLMKALLEQKNGLARRIFSKAGVDN,1
>label_1,ALLEQKNGLARRIFSKAGVDNTRLLEATDKF,1
>label_1,FKYDSVHGQWKHHELKVKDSKTLLFGEKAVA,1
>label_1,YDSVHGQWKHHELKVKDSKTLLFGEKAVAVF,1
>label_1,YMTYMFKYDSVHGQWKHHELKVKDSKTLLFG,1
>label_1,TEKRLSLIKAWEDSEKSKAENKAHKKLSSIG,1
>label_1,AEKGFPISVYNRTTSKVDETVERAKLEGNLP,1
>label_1,VPIDVFKGITDEDAAKVVDGLAPKVADRNAS,1
>label_1,ITDEDAAKVVDGLAPKVADRNASIEQVKKLY,1
>label_1,INVPKGVAVSTVEEAKKAVRDVFPNESELVV,1
>label_1,LAPKVADRNASIEQVKKLYKLFCESDCTQLE,1
>label_1,EKFPDMIIKVPIDVFKGITDEDAAKVVDGLA,1
>label_1,SMKKLEKDLKESDKHKNDQYRSKLQKSNERS,1
>label_1,ESDKHKNDQYRSKLQKSNERSLALIKAAMDI,1
>label_1,GLEKLATEELCKHYTKDFGIECRVGRFHNIY,1
>label_1,RINPATSGPGVSVLEKKNLGRIVQIIGPVLD,1
>label_1,GDCPFTQRVLLTLEEKHLPYDLKLVDFSKKP,1
>label_1,EWFLKVSPEGKVPVIKIDEKWIADSDVITQA,1
>label_1,SSSVERLFKDEATEEKGERARMASFIGAMAI,1
>label_1,LLQKVMDNKDDAEKFKEDLMKIAMTTLSSKI,1
>label_1,SLVDLPGSSSVERLFKDEATEEKGERARMAS,1
>label_1,RVDSMARVAEIEGAEKEKMREKVQKIIAHGI,1
>label_1,KANSEATLGTYQGSGKLSEGAAESLHVKDYK,1
>label_1,GKGILAADESTGTMGKRLSSINVENVESNRQ,1
>label_1,LYQKTAAGKPFVEVLKEGGVVPGIKVDKGVV,1
>label_1,VILFEETLYQKTAAGKPFVEVLKEGGVVPGI,1
>label_1,GMGIVCASPKALEASKTAKSLRVFFDWKDYL,1
>label_1,SPAIPAMTRTLLEDVKKIFKTTSGTPFLIPT,1
>label_1,ESHRKAAAATASGKFKEEIIPVDTKIVDPKT,1
>label_1,LRYLSIRRTNVGIIPKSIGKLQNIQTLDMNY,1
>label_1,TNYNKALEQLDDAMAKGDAPTTVKLHSAIKF,1
>label_1,AISGEIMQLHHQKHHKTYVTNYNKALEQLDD,1
>label_1,VRPDYLKNIWKVVSWKYASEVYEKVARRKSQ,1
>label_1,DRETGRSRGFGFVTFKDEQSMKDAIEGMNGQ,1
>label_1,ETFPIPPPVLKGRRDKVIIEKENNFKQPGER,1
>label_1,PPPVLKGRRDKVIIEKENNFKQPGERYRSWS,1
>label_1,KGRRDKVIIEKENNFKQPGERYRSWSPDRQE,1
>label_1,PVRHAETFPIPPPVLKGRRDKVIIEKENNFK,1
>label_1,KAHYVKFHWKPTCGVKCLLEEEAIKVGGANH,1
>label_1,ELVAKLRAYHHTAQTKADKKHLSSMGLDLSK,1
>label_1,CLEPTSFTVKAESVSKNAPSEFQNTKLMTRL,1
>label_1,AESVSKNAPSEFQNTKLMTRLTYTLDEIEGP,1
>label_1,ENKYKAAQEASEEWYKRAQLALGKGDEDLAR,1
>label_1,EASEEWYKRAQLALGKGDEDLAREALKRRKS,1
>label_1,NVVDNLVSNTRLLESKIQEAKSKKDTLKARA,1
>label_1,EAQAKRGAVVPESVLKKQKRNEEWALKKQEE,1
>label_1,LLFIVRIRGINAMHPKTRKILQLLRLRQIFN,1
>label_1,NLKSVRELIYKRGYGKLNTQRIALTDNSIIE,1
>label_1,NEEWALKKQEELAALKKKNAENRKLICKRAK,1
>label_1,PNFKKANNFLWPFKLKAPLGGLKKKRNHYVE,1
>label_1,ESVLKKQKRNEEWALKKQEELAALKKKNAEN,1
>label_1,ADQFRVNGYSEIEREKLNLINSTYKTLEQLE,1
>label_1,LINSTYKTLEQLENYKNETIRFEQQRAVNQV,1
>label_1,IYAAVNGFCDRMPLEKISQYERAIPSSVKPE,1
>label_1,DATKKACFGVLPRYAKDELLIKWFELPNCFI,1
>label_1,SLSDAADKLARADHEKESLLRENAALSNTVR,1
>label_1,AALSNTVRKLNRDVSKLESFKKTLMQSLQED,1
>label_1,IVYASTEKAAHELNWKAKYGVEEMCRDQWNW,1
>label_1,PPFLALKNFEGLDLGKMDRSDDSGLASYVAG,1
>label_1,ISTLATEVTGKLAALKGLDARLQEIRSYLDL,1
>label_1,DVTKRAAPDMIDVVYKRITIQGFLSTDHMNV,1
>label_1,VSVVPSAAALVIKALKEPERDRKKTKNIKHT,1
>label_1,SSLAPKIGPLGLSPKKIGEDIAKETAKDWKG,1
>label_1,GPLGLSPKKIGEDIAKETAKDWKGLRVTVKL,1
>label_1,DVIEIAKVMRPRSMAKELTGCVKEILGTCVS,1
>label_1,SNRGYLDALKHLTDLKEEGKIKTVALTNFDT,1
>label_1,YLDALKHLTDLKEEGKIKTVALTNFDTERLQ,1
>label_1,IEGTAYKANPNSDEAKLKVRFYVPPFLPIIP,1
>label_1,EDGTVKVLNETWNDGKRGYIEGTAYKANPNS,1
>label_1,NHLDEEIYNQLVEKAKEEGYDVSKLHKTQHT,1
>label_1,NQLVEKAKEEGYDVSKLHKTQHTNPPPEEEG,1
>label_1,VEKAKEEGYDVSKLHKTQHTNPPPEEEGPKD,1
>label_1,QILREVGFRDIFKKVKDEENTKAISLFEDVV,1
>label_1,DNSCGPEPPLVERLEKTVEEGERTIIREVEE,1
>label_1,FPVPHPNVLVRNFNMKDFSGKWFITSGLNPT,1
>label_1,AADAVDALKTCSCLLKECRVELAKCIANPSC,1
>label_1,GGKQLHFRAVVVVGDKQGRVGVGVGKAKEVI,1
>label_1,IKKYIKLLTPKLEGDKQDEFKKNIEGATKFL,1
>label_1,KLLTPKLEGDKQDEFKKNIEGATKFLLSKLS,1
>label_1,LFVAYIKKYIKLLTPKLEGDKQDEFKKNIEG,1
>label_1,SSSRMSYSRFLEYLDKDRVKKVDLFENGTIA,1
>label_1,RIPKGVLLVGPPGTGKTLLAKAIAGEAGVPF,1
>label_1,NSMSEKLAEDIDTAVKRLSDRAYEIALTHIR,1
>label_1,AAILAGRRGKTAISSKEIDDSIDRIVAGMEG,1
>label_1,VTVDVPDIRGRTEILKVHGSNKKFDADVSLE,1
>label_1,DIRGRTEILKVHGSNKKFDADVSLEVIAMRT,1
>label_1,IASIFAWSRGLAHRAKLDDNPRLLDYTEKLE,1
>label_1,VAIKCATITPDEARMKEFTLKQMWKSPNGTI,1
>label_1,TYTTARLGSFRILTNKAIEANDGKPLPLYQK,1
>label_1,LSALKDALEAGFEDFKRIRTDPDLANIRKSE,1
>label_1,QKRYGKMDETGELTEKEIIRAERNSGVISNR,1
>label_1,RENDLRQGLQLYKNAKYEEALEKFESVLGTK,1
>label_1,DLANIRKSEEFELLMKRFDESFINENAINAI,1
>label_1,LTLDQADKEVLGHAAKVVLTKDSTTIIGDGS,1
>label_1,GIVVGGGCTLLRLASKVDCIKESLDNDEEKA,1
>label_1,AQIRNLIEVAEQDYEKEKLNERIAKLSGGVA,1
>label_1,GANPVLITRGIEKTAKALVEELKLMSKEVED,1
>label_1,NHVSSHSHRVGADIVKRALSYPLKLIAKNAG,1
>label_1,NGYSIHGTVRDPHDEKNSHLKKLEKASNKLK,1
>label_1,QSTANASSLVLIKLSKEGYDEFENKLRMIVD,1
>label_1,PQAETKASVGFKAGVKDYKLTYYTPNYETKD,1
>label_1,GFMSPQAETKASVGFKAGVKDYKLTYYTPNY,1
>label_1,GRAVYECLRGGLDFTKDDENVNSQPFMRWRD,1
>label_1,GHYLNATAGTCEEMMKRAVFARELGVPIVMH,1
>label_1,NTHTIYIUPKLGLSAKNYGRAVYECLRGGLD,1
>label_1,QVEIKRTIPKGAIGSKDFKTKKIFVGGIPTT,1
