protein_id, Sequence,Pos, Label
B8A568,QLEEKEALVSQLTRGKQAFTQQIEELKRQIE,1307,
B8A568,LTRGKQAFTQQIEELKRQIEEEVKAKNALAH,1318,
B8A568,RVQLELNQVKSEIDRKLAEKDEEIEQIKRNS,1577,
B8A568,ELNQVKSEIDRKLAEKDEEIEQIKRNSQRIT,1581,
B8A568,EEDKKNVNRLQDLVDKLQLKVKAYKRQSEEA,1872,
B8A568,KNVNRLQDLVDKLQLKVKAYKRQSEEAEEQA,1876,
B8A568,PLNESVVQLYQKSSVKLLATLYPPVVEETGG,619,
B8A568,RQSEEAEEQANSHLSKLRKVQHELEEAEERA,1897,
B8A568,MIDVERANALAANLDKKQRNFDKVLAEWKQK,1446,
B8A568,EIQLSHANRQAAEAQKQLRNVQAQLKDAQLH,1643,
B8A568,EKLKKKDFETSQLLSKIEDEQSLGAQLQKKI,1095,
B8A568,GQTVPQVYNSVSALSKSIYERMFLWMVVRIN,433,
B8A568,GSMQTVSSQFRENLGKLMTNLRSTHPHFVRC,659,
B8A568,GSIDVNHDEYRFGHTKVFFKAGLLGTLEEMR,764,
B8A568,VYYKIKPLLKSAETEKELATMKEDFVKCKED,849,
B8A568,PLLKSAETEKELATMKEDFVKCKEDLAKAEA,855,
B8A568,AETEKELATMKEDFVKCKEDLAKAEAKKKEL,860,
B8A568,ATMKEDFVKCKEDLAKAEAKKKELEEKMVAL,867,
B8A568,FVKCKEDLAKAEAKKKELEEKMVALLQEKND,873,
B8A568,EDLAKAEAKKKELEEKMVALLQEKNDLQLAV,878,
B8A568,CEGLIKSKIQLEAKLKETTERLEDEEEINAE,922,
B8A568,ERLEDEEEINAELTAKKRKLEDECSELKKDI,941,
B8A568,LTLAKVEKEKHATENKVKNLTEEMAAQDESI,976,
B8A568,LAKVEKEKHATENKVKNLTEEMAAQDESIGK,978,
B8A568,KNLTEEMAAQDESIGKLTKEKKALQEAHQQT,993,
B8A568,EAHQQTLDDLQAEEDKVNTLTKSKTKLEQQV,1018,
B8A568,LDDLQAEEDKVNTLTKSKTKLEQQVDDLEGS,1024,
B8A568,LEQQVDDLEGSLEQEKKLRMDLERAKRKLEG,1044,
B8A568,DLKLAQESIMDLENDKQQSEEKLKKKDFETS,1075,
B8A568,DLENDKQQSEEKLKKKDFETSQLLSKIEDEQ,1085,
B8A568,LEEAGGATAAQIEMNKKREAEFQKLRRDLEE,1167,
B8A568,ESTLQHEATAAALRKKQADSVAELGEQIDNL,1197,
B8A568,LQRVKQKLEKEKSEYKMEIDDLSSNMEAVAK,1227,
B8A568,KMEIDDLSSNMEAVAKAKANLEKMCRTLEDQ,1242,
B8A568,EIDDLSSNMEAVAKAKANLEKMCRTLEDQLS,1244,
B8A568,LEKMCRTLEDQLSEIKSKNDENLRQINDLSA,1262,
B8A568,YETDAIQRTEELEESKKKLAQRLQEAEEQIE,1392,
B8A568,EEQIEAVNSKCASLEKTKQRLQGEVEDLMID,1418,
B8A568,NALAANLDKKQRNFDKVLAEWKQKYEEGQAE,1453,
B8A568,KKQRNFDKVLAEWKQKYEEGQAELEGAQKEA,1461,
B8A568,KQKYEEGQAELEGAQKEARSLSTELFKMKNS,1474,
B8A568,AQKEARSLSTELFKMKNSYEETLDQLETLKR,1487,
B8A568,MKNSYEETLDQLETLKRENKNLQQEISDLTE,1501,
B8A568,EESKILRVQLELNQVKSEIDRKLAEKDEEIE,1571,
B8A568,IDRKLAEKDEEIEQIKRNSQRITDSMQSTLD,1589,
B8A568,AQLHLDDAVRGQEDMKEQVAMVERRNTLMQS,1670,
B8A568,SEVEDTVQEARNAEDKAKKAITDAAMMAEEL,1756,
B8A568,EDTVQEARNAEDKAKKAITDAAMMAEELKKE,1759,
B8A568,AKKAITDAAMMAEELKKEQDTSAHLERMKKN,1772,
B8A568,GADAVKGVRKYERRVKELTYQTEEDKKNVNR,1850,
B8A568,YERRVKELTYQTEEDKKNVNRLQDLVDKLQL,1860,
B8A568,ERRVKELTYQTEEDKKNVNRLQDLVDKLQLK,1861,
B8A568,EEAEERADIAESQVNKLRAKSRDSGKGKDAA,1921,
B8A568,DGGKVTVITLDTKEEKVVKEDDVHPMNPPKF,71,
Q1MTC4,VASQQNKLVPEFAHDKTYVYKYEALLLSGIV,28,
Q8AWD0,XMAVPPAYADLGKSAKDIFNKGYGFGMVKLD,15,
Q6IQK3,AQVDEVVDIMRVNVDKVLERDQKLSELDDRA,38,
Q6PE34,RYLTVAAVFRGRMSMKEVDEQMLNVQNKNSS,324,
Q9I8U9,PKIPDGEKVDFDDIQKKRHNKDTLELQCLID,38,
Q9I8U9,AERRKQLNIDHLNEDKLRDKAQELYEWIKTL,173,
Q9I8U9,KAQELYEWIKTLESEKFEHMERLKRQKYEVT,192,
Q6IQ92,LSVQDLQALCRDLHQKIDVVDEERYDIAAKV,73,
Q6DHP2,GSVQELQELCKELHQKIDVVDEERYDMSLKV,67,
Q0D2W2,LGSKHKVSMDLRANLKQVKKEVKEESVEQVG,138,
Q0D2W2,ESVEQVGDWRKNIEDKAGMDGRKKMFESEAX,162,
Q0D2W2,DEERYDMEAKVAKADKEIEDLKIKVIDLKGK,87,
Q0D2W2,MEAKVAKADKEIEDLKIKVIDLKGKFKKPAL,93,
Q0D2W2,QELQDLCKKLHQQIDKVDEERYDMEAKVAKA,70,
F1QCC0,METKVAKSDKEIEDLKIKVQDLKGKFKKPVL,93,
F1QCC0,DEQRYDMETKVAKSDKEIEDLKIKVQDLKGK,87,
Q6IQD7,GELERSEERAEVAEAKSGDLEEELKNVTNNL,189,
Q6IQD7,HIAEEADRKYEEVARKLVILEGELERSEERA,168,
Q6P0W3,AEKYSQKEDKYEEEIKILTDKLKEAETRAEF,226,
P13104,DKENALDRAEQAETDKKAAEERSKQLEDDLV,29,
P13104,AEQAETDKKAAEERSKQLEDDLVALQKKLKA,37,
P13104,EERSKQLEDDLVALQKKLKATEDELDKYSEA,48,
P13104,SKQLEDDLVALQKKLKATEDELDKYSEALKD,51,
P13104,VALQKKLKATEDELDKYSEALKDAQEKLELA,59,
P13104,LKATEDELDKYSEALKDAQEKLELAEKKATD,65,
P13104,DELDKYSEALKDAQEKLELAEKKATDAEGDV,70,
P13104,EELDRAQERLATALQKLEEAEKAADESERGM,112,
P13104,QERLATALQKLEEAEKAADESERGMKVIENR,118,
P13104,DESERGMKVIENRALKDEEKMELQEIQLKEA,136,
P13104,DEEKMELQEIQLKEAKHIAEEADRKYEEVAR,152,
P13104,IQLKEAKHIAEEADRKYEEVARKLVIVEGEL,161,
P13104,HIAEEADRKYEEVARKLVIVEGELERTEERA,168,
P13104,CSELEEELKTVTNNMKSLEAQAEKYSAKEDK,205,
P13104,AEKYSAKEDKYEEEIKVLTDKLKEAETRAEF,226,
P13104,AKEDKYEEEIKVLTDKLKEAETRAEFAERSV,231,
P13104,ETRAEFAERSVAKLEKTIDDLEDELYAQKLK,251,
P13104,LEKTIDDLEDELYAQKLKYKAISEELDHALN,264,
E7FBZ3,ETRAEFAERSVAKLEKTIDDLEDELYSQKLK,251,
Q29RA2,APAIIFIDELDAIAPKREKTHGEVERRIVSQ,314,
Q29RA2,IPDSTGRLEILQIHTKNMKLSEDVDLEQISA,388,
Q7ZUI4,DDFSGSNQTKLEEMVKQHKNXXXXXXXXXXX,104,
Q7ZYX4,LHPRVIAEGFEAAKDKALAVLEEVKVAKEMD,129,
Q7ZYX4,INQKGIDPFSLDALAKEGIVALRRAKRRNME,307,
Q6PH46,RDALSDLALHFLNKMKIMVIKDIEREEIEFI,315,
F1Q9K1,LKDIIKRHQGTITEDKSKATHIIYPSPTQME,196,
Q642Z0,GVWQERNAESAIEALKEYEPEMGKVYRSDRK,120,
Q642Z0,ESAIEALKEYEPEMGKVYRSDRKSVQRIKAR,128,
Q642Z0,REIVPGDIVEVSVGDKVPADIRITAIRSTTL,158,
Q642Z0,KHTESVPDPRAVNQDKKNMLFSGTNIAAGKA,204,
Q642Z0,VYCSPAKASKAPVGNKMFVKGAPEGVIDRCA,511,
Q642Z0,RVGTTRVPLTGPVKDKIMAVIKEWGTGRDTL,544,
Q6NXC1,GKNQGPVKLHVANVEKGTDDELRALFEDYGT,87,
Q6P027,HTMQKAKDELNETDEKRTSAVKELRGIIKEK,58,
O42248,TTPQFPDMILSASRDKTIIMWKLTRDETNYG,38,
Q90ZM2,QLLAGAKIIEVGDTPKDRALFNGAQKLFGMI,107,
Q90ZM2,KTWIEVSGSSAKDVAKQLKEQQMVMRGHRET,392,
Q6XG62,KAMAMLIATFHKYSGKEGDKLTLSKGELKEL,23,
Q6XG62,FHKYSGKEGDKLTLSKGELKELLSAELGDIF,32,
Q6XG62,LLSAELGDIFGKTTDKAALDKIFKDLDANAD,53,
Q6XG62,LGDIFGKTTDKAALDKIFKDLDANADGSVDF,58,
Q1ECX9,DFSFDYRVATQFWRSKVLEVAKDFPEYTFAI,434,
Q6TGV6,KTFHMYTKEELEDVIKDIXXXXXXXXXXXXX,239,
Q7ZV77,LALAVKVLNKTMDVSKLSAEKVEIATLTREN,205,
Q7ZV77,LTRENGKTKIKVLKQKEVEELIKKHEAEEAK,231,
Q6PC53,EAGRIVMELRADVVPKTAENFRALCTGEKGF,31,
Q6PC53,KSIYGNKFEDENFTLKHGGKGTLSMANAGPN,91,
Q6PC53,FGKVVDGLDVVDAIEKKGSSSGKCSAKVVIA,144,
Q9IV80,IGVGRASYTTRIKGDKRQAHCNISGEKWNKT,55,
Q9IV80,LNQTAIIFKPSSGGDKEITTHSFNCGGDXXX,97,
Q9IV80,PINCTRPYDKVSYRTKIGVGRASYTTRIKGD,39,
Q9IV80,KTLQQVAAKLRDLLNKTAIIFKPSSGGDPEI,84,
Q9IV80,SGGDPEITTHSFNCGKDXXXXXXXXXXXXXX,108,
Q9IV80,YDKVSYRTPIGVGRAKYTTRIKGDIRQAHCN,46,
Q9IV80,HLNESVPINCTRPYDKVSYRTPIGVGRASYT,33,
Q804W0,ETKAFLSAGDSDGDGKIGAEEFAALVKAXXX,97,
Q804W0,FFAKVGLSAKSADEVKKAFAIIDQDNSGFIE,45,
Q804W0,ACQAADSFDYKSFFAKVGLSAKSADEVKKAF,33,
Q804W0,DGDGKIGAEEFAALVKAXXXXXXXXXXXXXX,108,
Q804W0,FAKVGLSAKSADEVKKAFAIIDQDNSGFIEE,46,
Q804W0,LFLQNFKANARVLTDKETKAFLSAGDSDGDG,81,
Q804W0,QNFKANARVLTDKETKAFLSAGDSDGDGKIG,84,
Q803X7,TGCTIDWTKGKNVTLKTIKKKQKHKGRGTVR,263,
E9GGC9,NSYFKGLARMVRNFKKRALLLEDDQESLFTA,51,
Q6IQX1,IDRKLAEKDEEMEQIKRNSQRVTEAMQSTLD,1589,
Q6IQX1,DLENDKQQSEEKIKKKDFETAQLLSKIEDEQ,1085,
Q6IQX1,EKVVKEDDVHPMNPPKFDKIEDMAMMTHLNE,85,
Q6IQX1,LAKVEKEKHATENKVKNLTEEMASQDESIAK,978,
Q6IQX1,KNLTEEMASQDESIAKLTKEKKALQEAHQQT,993,
Q6IQX1,LSKIEDEQSLGAQLQKKIKELQARIEELEEE,1108,
Q6IQX1,LEKMCRTVEDQLSEIKSKNDENLRQINDLSA,1262,
Q6IQX1,EESKILRVQLELNQVKGEIDRKLAEKDEEME,1571,
Q6IQX1,ELNQVKGEIDRKLAEKDEEMEQIKRNSQRVT,1581,
Q6IQX1,EKIKKKDFETAQLLSKIEDEQSLGAQLQKKI,1095,
B8A569,ATMKEDFVKCKEALAKAEAKKKELEEKMVAL,867,
A2BGX6,LAKVEKEKHATENKVKNLTEEMASQDESIAK,978,
A2BGX6,KNLTEEMASQDESIAKLTKEKKALQEAHQQT,993,
O93409,EAFTIIDQNRDGIISKDDLRDVLASMGQLNV,48,
O93409,DDLRDVLASMGQLNVKNEELEAMIKEASGPI,64,
O93409,PINFTVFLTMFGEKLKGADPEDVIVSAFKVL,93,
O93409,KLKGADPEDVIVSAFKVLDPEGTGSIKKEFL,106,
O93409,ELLTTQCDRFTAEEMKNLWAAFPPDVAGNVD,138,
Q9I8U7,QVADIMRALGQNPTNKDVKKILGDPSADDMA,47,
Q9I8U7,MANKRIDFEAFLPMLKTVDANQKGTYDDYVE,76,
Q9I8U7,FEAFLPMLKTVDANQKGTYDDYVEGLRVFDK,83,
Q9I8U7,IMRALGQNPTNKDVKKILGDPSADDMANKRI,51,
Q6P0G6,QIADIMRALGQNPTNKEVTKILGNPTADDMV,85,
Q6P0G6,APEPPKADAVDLSGVKLDFTQDQMEDYREAF,40,
Q6P0G6,IMRALGQNPTNKEVTKILGNPTADDMVNKRV,89,
Q6P0G6,VTKILGNPTADDMVNKRVDFEGFLPMLQVVI,102,
E7EYE1,PVYTGQSPVTGYFVDKAKKGSSDFATVNAEK,826,
Q7T334,LLLGKNGIEKNLGLGKLSAFEEKLVADAMTE,306,
Q7T334,SAFEEKLVADAMTELKGSIKKGEDFVANMKX,323,
B3DFN3,ALELENDRLQFKVSEKEEVTTREVSGIKSLY,61,
B3DFN3,VSEKEEVTTREVSGIKSLYEAELADARRVLD,73,
B3DFN3,LENRCQSLTEELEFRKSMFDEEVRETRRRHE,203,
B3DFN3,RQIGDGEEIVYKFSPKFVLKAGQTVTVWSAD,486,
B3DFN3,YKKKDGDLAAALVRIKDLEAQYNKNEAALNT,130,
F1QHC4,WQDRINELEGALSHEKDLSRRLLAEKEREIA,333,
A2CE73,VLIPVKQYPRFNFVGKILGPQGSTIKRLQED,88,
A2CE73,IPDCYLRMAHAMDEVKKFLMPVEGMDEMHPD,165,
F1QK60,LDGLGNEKMKLEGELKNMQGLVEDFKNKYED,189,
F1QK60,EINKRASVENEFVLLKKDVDAAYMNKVELEA,220,
F1QK60,EAQIAEAEERGELAVKDAKLRIRELEEALQR,370,
F1QK60,YISNLRRQLDGLGNEKMKLEGELKNMQGLVE,181,
F1QK60,EDIANRSRAEAESWYKQKFEEMQSTAGQYGD,306,
F1QK60,IANRSRAEAESWYKQKFEEMQSTAGQYGDDL,308,
Q6NWF6,EFVLIKKDVDEAYMNKVELEAKLESLTDEIN,231,
Q6NWF6,MNVKLALDIEIATYRKLLEGEEDRLATGIKA,417,
Q7ZTS4,LSIRQGVEADITGLRKVIDDTNLNRMNLESE,191,
Q7ZTS4,AEIATYRRLLDGGDFKLQDALEEQKKVKVMT,394,
Q08CK7,KEGATIRNITKQTQSKIDVHRKENAGAAEKP,231,
Q08CK7,GRIYGKLKEENFFGPKEEVKLETHIKVAAAA,485,
Q08CK7,YIGNLNEKVTAEDLVKTFEDYKIPYSGQFLM,20,
Q4QRF4,TNLCAIHAKRVTIMPKDIQLARRIRGERAXX,123,
Q05AK8,XXXXXXXXXXMPEPAKTAPKKGSKKAVTKTA,6,
Q5RHQ7,FSEVTYVELQKDEASKLLEKYKEESKNALPP,581,
E7F3J2,FSKNGEDLGKAFTVSKDELKGKPLFPHVLCH,345,
Q7SXN2,HQIGSGKCEIKVAQPKEVYRQQQNRDRGFGG,193,
F1QS28,AREDAGKPEALAKVKKIFIGGLKDDIEEDHL,102,
Q7ZT21,XXXXMSLSAKDKAAVKTLWAKIAGKADDIGH,12,
Q93548,EPYKLRACKTCIRLAKHGLSASRFTAEEIEN,70,
Q93548,CKTCIRLARHGLSASKFTAEEIENMTELCPT,77,
Q93548,PNIPGPSNERGYDSIKDELCTGPVTVLEQAL,18,
Q90474,MVSLKDYVSRMKDTQKHIYYITGETKDQVAN,482,
Q6NYR4,KNQVAMNPTNTVFDAKRLIGRRFDDGVVQSD,71,
Q6NYR4,MKHWPFNVINDNSRPKVQVEYKGESKSFYPE,102,
Q6NYR4,SFYPEEISSMVLTKMKEIAEAYLGKTVSNAV,128,
Q6NYR4,ELNADLFRGTLDPVEKALRDAKMDKAQIHDI,319,
Q6NYR4,IMNVSAVDKSTGKENKITITNDKGRLSKEDI,500,
Q6NYR4,DKNQTAEREEFEHQQKELEKVCNPIITKLYQ,597,
Q90473,SFYPEEISSMVLTKMKEIAEAYLGKTVSNAV,128,
Q90473,ELNADLFRGTLDPVEKALRDAKMDKAQIHDI,319,
Q90473,LESYAFNMKSTVEDEKLKGKISDEDKQKILD,557,
Q90473,DKNQTAEREEFEHQQKELEKVCNPIITKLYQ,597,
Q71N41,LTYCNLTSWGELLKNKYDNIDKMFQETQVPH,179,
P79735,LCGNKVDIKDRKVKAKSIVFHRKKNLQYYDI,133,
Q503C7,NISRVLYPNDNFFEGKELRLKQEYFVVAATL,290,
Q6P3L9,MVEGFFDRGATIVENKLVEDLKTRETPEQKR,68,
Q58EE9,MANSNMQETEEWYRSKFADLTDAANRNGEAL,272,
Q6TH14,RYLGKGTQKAVDHVNKDIAPKLIEKKFSVVE,71,
Q6TH14,ILGVSLAVCKAGAAEKGVPLYRHIADLAGNK,126,
Q6TH14,AKYNQLMRIEEELGDKAKFAGKDFRHPKLXX,420,
Q6TH14,GTQKAVDHVNKDIAPKLIEKKFSVVEQEKID,76,
Q6GQM9,LENSEALELIKTAIDKAGFTDKVVIGMDVAA,233,
Q0D276,XXXXXXXXXXXXXMGKVIFYEDRNFQGRNYE,3,
Q15I85,XXXXXXXXXXXXXXMKVTFFEDRNFQGRSYE,2,
Q8UVG7,KSVITLDGGKLLHVQKWDGKETTLLREVSDN,97,
Q6ZM50,TTFKALRRQLPVTRTKIDWNKILSYKIGKEM,268,
Q803E5,TELSQSDMFDPRLQAKVLKLVDISYGGENGF,249,
Q68EH0,GRFTLRDEGKTIAIGKVLKLVPEKDXXXXXX,555,
Q802C9,PGRVFDMLNRRYLSPKYIKMFALDEADEMLS,174,
Q7T3L3,HITDTGIGMTKEELVKNLGTIAKSGTSEFLN,161,
Q7T3L3,DDLPLNVSRETLQQHKLLKVIRKKLVRKTLD,455,
Q7T3L3,AGTSRKEAESSPFVEKLLKKGYEVVYLTEPV,557,
Q7T3L3,FQNVAKEGVKFDESDKAKEKREALEKEFEPL,603,
Q6P3J5,HVDHGKSTLTDSLVSKAGIIASARAGETRFT,42,
Q6P3J5,VQTETVLRQAIAERIKPVLMMNKMDRALLEL,152,
Q6P3J5,KVFDAIMNFKKEETAKLIEKLDIKLDTEDKD,314,
Q6P3J5,FKKEETAKLIEKLDIKLDTEDKDKEGKPLLK,322,
Q6P3J5,MKARPFPDGLAEDIDKGDVSSRQELKTRARY,619,
Q6PE25,TLGIMQFNKQATEQAKEEVKRVLAVLNQHLN,132,
Q92005,HLIYKCGGIDKRTIEKFEKEAAEMGKGSFKY,41,
Q92005,YKCGGIDKRTIEKFEKEAAEMGKGSFKYAWV,44,
Q92005,STEPPYSQARFEEITKEVSAYIKKIGYNPAS,172,
Q92005,EKIDRRSGKKLEDNPKALKSGDAAIVEMVPG,392,
Q92005,FAVRDMRQTVAVGVIKSVEKKIGGAGKVTKS,439,
F1R8W4,PQRSSEVHSKKTVLIKTIETRDGEVVSESTQ,452,
E7FC21,SLKEKTVENLEKYVVKDAKLPLLLSRMNEVA,228,
Q4VBU7,KGMNTLIGYDLVPEPKILDAALRACRRLDDL,78,
Q6TNV0,PLPEIKFVQQLSADQKSLKEKEKGSWAALSK,60,
A2BHA3,DEEYPDLSKHNNHMAKVLTKEMYGKLRDKQT,32,
A2BHA3,PDLSKHNNHMAKVLTKEMYGKLRDKQTSTGF,36,
A2BHA3,KATDKHKTDLNFENLKGGDDLDPNYVLSSRV,116,
A2BHA3,LSVEALSSLDGEFKGKYYPLKSMTDAEQEQL,172,
A2BHA3,EKLSVEALSSLDGEFKGKYYPLKSMTDAEQE,170,
A2BHA3,EDHLRVISMQKGGNMKEVFKRFCVGLQRIEE,247,
A2BHA3,CPSNLGTGLRGGVHVKLPKLSTHAKFEEILT,298,
A2BHA3,RGGVHVKLPKLSTHAKFEEILTRLRLQKRGT,307,
A2BHA3,VQCVVDGVKLMVEMEKKLEKGESIDSMIPAQ,365,
Q7T306,PDLSQHNNHMSKVLTKDIYNKLRSKSTPSGF,35,
Q7T306,LSIEALNSLDGEFKGKYYPLKDMTDKEQEQL,171,
Q7T306,EDHLRVISMQKGGNMKEVFKRFCVGLQKIED,246,
Q7T306,CPSNLGTGLRGGVHVKLPKLSTHAKFEEILT,297,
Q7T306,RGGVHVKLPKLSTHAKFEEILTRLRLQKRGT,306,
Q7T306,VQLVVDGVKLMVEMEKKLEKGESIDDMIPAQ,364,
Q8AY63,LSVEALGALDGDLKGKYYALKDMTEEEQQQL,172,
Q8AY63,TGLRGGVHVKLPNVSKHEKFGEILKRLRLQK,304,
Q8AY63,RGGVHVKLPNVSKHEKFGEILKRLRLQKRGT,307,
E7FEZ9,VLNKLDVKFDIDLPNKKVFIESDKNTDVLLE,37,
Q6PFT7,GENITGLQRAKISTDKALVKDAVPTFAKEFM,98,
E9QBV1,NEPAVWSQLAKAQLQKGLVKEAIDSYIKADD,1118,
E9QBV1,MREHLELFWSRVNIPKVLRAAEQAHLWGELV,1347,
Q6IQV0,FFHGHDNYDQLVRIAKVLGTEDLYDYIDKYN,247,
A5WWJ4,DGRSQDYIGDAAKKAKALGFKMYAVGVGNAV,393,
A5WWJ4,NEVSLKSHKTKAALVKAVSKIEPLSTGTMTG,103,
A5WWJ4,SVRPSEFEQVKVFLAKVIDGLSVGPDATRVG,63,
Q92051,VGVFLKIGAANPRLQKVLDALDDIKSKGRQT,158,
Q6PI52,TIDFPEFLTMMARKMKDTDSEEEIREAFRVF,78,
Q6DRD1,SGIVMNPHVKRSVKQKTFVDALTKAKVSPIT,87,
Q6PC77,XXXXXXXMAGRRAAVKAIDWLAFAERVPPNQ,9,
Q6PC77,KPSTINWSHYRAVVAKAGMVDEFEKKFAGLT,63,
A8WGC6,RTIAMDGTEGLVRGQKVLDTGAPIRIPVGPE,113,
A8WGC6,NIVGTEHYDVARGVQKILQDYKSLQDIIAIL,415,
Q08BA1,PDNVGVVVFGNDKLIKEGDIVKRTGAIVDVP,125,
Q08BA1,DTIINQKRFNEGTEEKKKLYCIYVAIGQKRS,238,
Q08BA1,EQVAVIYAGVRGHLDKMEPSKITKFEKAFLQ,497,
Q503V2,ERAQKFNEDLQLLVTKLRTHMEEAKDRVTEY,107,
Q503V2,LQLLVTKLRTHMEEAKDRVTEYTEELRTMVE,116,
E9QFX0,KFGTQMKEIAEDLADKTKTAFQNIEQSELGT,47,
E9QFX0,EPTLEQHFTKFGTQMKEIAEDLADKTKTAFQ,38,
Q5TZ29,LRKILADIDIREEIQKFLKHASSISTKVVTT,2362,
Q5TZ29,FRLTSVPDEGREVLMKVIFDKAAPIQKRVAA,518,
Q5TZ29,EVFKQYVDEYFAIKSKVEEILSELKQFVANF,2104,
Q5TZ29,ALSSMSACIEKLEKVKVVDVVKKFSDIVDSV,2320,
Q5TZ29,DKKIETLLKKVVELIKKFNIEETVKTLADTL,2203,
Q5TZ29,VQELRIPALPEFTFPKKLFLNAEGAAKYKFG,1208,
Q5TZ29,QELRIPALPEFTFPKKLFLNAEGAAKYKFGQ,1209,
Q5TZ29,AKIPTEQISKILEKAKQLLNLLGNRMNAIYT,2161,
Q5TZ29,ILSELKQFVANFDQEKFTEDVKNFVTSARFR,2123,
Q5TZ29,ACIEKLEKVKVVDVVKKFSDIVDSVVFIDTE,2326,
O42363,MDDIRKAFESNIEETKSKVVPMVEAVRTKLT,180,
O42363,TMAAPYAEEYKEQLVKAVEEAREKIAPHTQD,218,
O42363,LEHYKAAALVYLNQVKDQAEKALDNLDGTDY,44,
O42363,DIRKAFESNIEETKSKVVPMVEAVRTKLTER,182,
Q804G7,IRIMVARAEIDMLDIKAEFLKMYGKTLHSFI,286,
Q8AX99,LNTAFEVAEKYLDIPKMLDAEDIVNTPKPDE,231,
Q8AX99,DYETASLMEIRALMRKHEAFESDLAAHQDRV,447,
Q8JHI0,FAKDFLAGGIAAAISKTAVAPIERVKLLLQV,23,
Q8JHI0,FPTQALNFAFKDKYKKVFLDGVDKRTQFWRY,97,
Q8JHI0,YPLDFARTRLAADVGKAGAEREFSGLGNCLV,147,
Q8JHI0,GTIDCWRKIARDEGGKAFFKGAWSNVLRGMG,268,
Q68EH2,LDMIKDAMIAKADVSKGYLIDGYPREVKQGE,88,
Q68EH2,PLDTVLDMIKDAMIAKADVSKGYLIDGYPRE,83,
Q6P5L2,XXMSEAEFQKAAEEVKQLKAKPTDAEMLEIY,14,
Q6P5L2,KKGTSKEDAVKAYIAKVEELKGKYGIXXXXX,77,
Q7ZVI7,SGGTTMYPGIADRMQKEITSLAPSTMKIKII,315,
Q9I8V1,MRLDLAGRDLTDYLMKILTERGYSFVTTAER,193,
Q9I8V1,SGGTTMYPGIADRMQKEITALAPSTMKIKII,317,
Q9I8V1,MQKEITALAPSTMKIKIIAPPERKYSVWIGG,330,
Q6NUW5,NKIKELSTLEALQNLKNLKSLDLFNCEITTL,113,
Q6AZA0,PATKLGSIAIKGAIDKAGIPVEEVKEVYMGN,71,
Q6AZA0,DEEYRKVDFSKVPKLKAVFLKENGTVTAANA,261,
Q6PBZ1,IAFTQTNPEDKAALAKLVEAIKTNYNDRYEE,217,
Q6PBZ1,PKSTARIAKLEKAKAKELATKLGXXXXXXXX,259,
Q7ZW95,SITDLNRIIKSEEVQKAIRPANRKINRRVFK,300,
Q6DGL9,KAEKLKQSLPPGLAVKELKXXXXXXXXXXXX,67,
Q7ZWJ7,RIKRAFLIEEQKIVVKVLKAQAQTQKSKXXX,105,
Q7ZV82,TRYSVDIPLDKTVVNKDVFRDPALKRKARRE,98,
Q6P5L3,GNVFKNKRILMEHIHKLKADKARKKLLADQA,144,
Q6P5L3,ERQQAKKEEIIKTLSKEDETKKXXXXXXXXX,190,
Q1LYB7,PPYDKRKRMVVPAALKIVRLKPTRKFALLGR,127,
Q1LYB7,VEMKLTKQAEKNVESKIAVYTDVLKKYGVLV,190,
Q1LYB7,XXXXXXXXXMADRFNKVLIIDGRGHLLGRLS,7,
Q90Z10,ESLQANVQRLKEYRTKLIIFPRKAAKPKKGD,123,
Q90Z10,IRAKRAKEAAEQDVEKKKXXXXXXXXXXXXX,209,
Q6DHL6,GPKRASRIRKLFNLSKEDDVRQYVVRRPLTK,149,
Q6PBI5,DKLNNLVLFDKATYDKLYKEVPNYKLITPAV,56,
Q6PBI5,IRGSLARAALQELLGKGLIKLVSKHRAQVIY,93,
Q6PBI5,LARAALQELLGKGLIKLVSKHRAQVIYTRNT,97,
A8KB78,ARKLRNHRREQKWHDKQYKKAHLGTALKANP,25,
A8KB78,GTALKANPFGGASHAKGIVLEKVGVEAKQPN,48,
A8KB78,NPFGGASHAKGIVLEKVGVEAKQPNSAIRKC,54,
Q6PBW7,XXXXXXXXMPGGVTVKDVNQQEFVRALAAFL,8,
Q6PBW7,FVRALAAFLKKSGKLKVPDWVDIVKLAKHKE,30,
Q6PBW7,KKSGKLKVPDWVDIVKLAKHKELAPCDENWF,39,
Q6PC90,ALIHDGLARGIREAAKALDKRQAHLCVLAAN,40,
Q7ZV05,GFKTPREAIDGTYIDKKCPFTGNVSIRGRIL,59,
Q803M8,LIENSSNPESKVFYLKMKGDYYRYLAEVAAG,120,
Q803M8,IENSQDAYQKAFDISKTEMQPTHPIRLGLAL,157,
Q1LWN2,EVEWERLPIIVTTYAKKLGKHILTAAYDTGF,1274,
A3KPI6,TPRKRGRPPGTGRKIKVVVVKKVVEGGRKRG,247,
E9QEQ1,GYVETIKGYKLEEKAKTIYSDTVRAVGTYAG,69,
B3DFP9,KIAGGLASELEPVVDKARLNALGVYGHYFRP,101,
B3DFP9,GSPTAGSLKDVVEELKKSPRVESFIKIAGGL,76,
B3DFP9,VWAQEWPVPDKELVDKYDGLRTVFIKRLVNA,32,
Q6NWK4,AEEIDAKAEEEFNIEKGRLVQTQRLKIMEYY,42,
B0R198,NMAVPPAYADLGKSAKDIFSKGYGFGTVKLD,40,
B0R198,DTGKAAGNLETKYKVKELGLSLNQKWNTDNV,90,
B0R193,TITLEVEPSDTIENVKAKIQDKEGIPPDQQR,27,
B0R193,KEGIPPDQQRLIFAGKQLEDGRTLSDYNIQK,48,
Q6YI49,KFLEATSGMSPAERAKELEQNKAIQETHDAV,126,
Q6NWJ5,KYMACCLLYRGDVVPKDVNSAIATIKTKRSI,326,
E7EXP0,KPKFKPSAPKIPDGDKVDFDDIQKKRQNKDL,32,
E7EXP0,PKIPDGDKVDFDDIQKKRQNKDLVELQALID,40,
E7EXP0,HFEHRKKEEEELIALKDRIEKRRSERAEQQR,72,
E7EXP0,KYEVTTQRKRVEELSKYSKKGAAARRRKXXX,220,
E9QBF0,TGKTASPQQAQEVHDKLRQWXXXXXXXXXXX,194,
B8JHR2,VDIVLNHKLQETSYDKKSYTAYIKDYMKAVK,72,
G1K2X0,PENDGGDAVKAYHVEKREASKKAWVCVSSNC,22276,
G1K2X0,PTNDGGARVHHYVVEKREASRRTWTEAAPKS,24446,
G1K2X0,EMQEAGAEEWTKVHEKNLRVTEHTVTGLLSG,25335,
G1K2X0,KARDPIHPPDPPTRVKIIDVSKGIVTLTWKP,11960,
G1K2X0,ASGGSIRSQRGVTISKVKIAPFEHGPVAGQI,27496,
B0S758,DFRGLLQAIEFLKKEKELESGRPEGEIVGRE,7294,
E9QD64,KLVKAERKFIEDRVMKIIDLKNKVCADNKKX,228,
E9QD64,IQHPTASLIAKAAKDKALAVLEEVKVAKEMD,84,
F1REG7,CVDRIITEKAVFDVDKDKGLTLIEVWEGLTP,75,
F1QFC0,GTTNSCVAVMDGKNAKVLENAEGARTTPSVV,79,
F1QFC0,TKRLIGRRFDDAEVQKDLKNVPYKIVRASNG,138,
F1R446,DDKGDSLDSVEALIKKHEDFDKAINVQEEKI,1489,
F1Q560,NQEGCARVLLFRGANKEIKNYNNQTAFQVAI,354,
E9QIC5,DCRIYVGNLPPDIRTKDVEDVFYKYGAIRDI,29,
Q5U3A4,ESAIEALKEYEPEMGKVYRSDRKSVQRIKAR,128,
Q5U3A4,KHTESVPDPRAVNQDKKNMLFSGTNIAAGKA,204,
Q5U3A4,DQMAATEQEKTPLQQKLDEFGEQLSKVISLI,252,
Q5U3A4,VYCSPAKASKAPVGNKMFVKGAPEGVIDRCA,511,
Q5U3A4,RVGTTRVPLTGPVKDKIMAVIKEWGTGRDTL,544,
F1RBK3,RKVLGEKGKDIRIISKLENHEGVRKFDEILE,269,
F1RBK3,EIRTGLIKGSGTEEVKLVKGNIIKLTLDDKF,132,
F1R8T2,LLTAEMSDVFGKTTDKASLDNIFKDLDANAD,53,
F1QUR3,PLVGIRTAKGDKYVMKEEFSRDGKALERFLQ,294,
F1QUR3,RESYRFAHTNNEDLLKKHGIDGEGIILFRSP,149,
B0S564,KVIDYNGERTLDGFTKFLESGGKEGGAPVGD,466,
B0S564,HILMFVPKAAKDFQDKMDQFKKAAEGFKGKI,269,
B0S564,VAVIGFFKDVESEDSKAFIKTAEAVDDIPFG,168,
B0S564,YPTIKFFKGGEKGNPKEYSAGRQAEDIVSWL,112,
E9QIC9,YAKKDADLTSSQNRLKDVEALLNAKEAALNT,137,
I3ITD9,LRKSGVGNIFIKNLDKSIDNKALYDTFSAFG,108,
F1QXV8,XXXXXMSLSNKLHLDKVDVKGKRVIMRVDFN,11,
F1QXV8,NGVKITLPVDFITADKFDEKATTGTATVAEG,291,
E9QF19,YSLEPVAAELKNLLGKDVQFLKDCVGPEVEK,100,
B8JKN7,KHVVFGQVVEGLDVIKKVEGFGSSSGKTSAK,80,
F6NLI6,MIQGGDFTRGDGTGGKSIYGDRFPDENFKLK,108,
F6NLI6,TVQTPWLDGKHVVFGKILEGMDVVRKIEATK,163,
Q8IMW7,NVTLTPPGHSVVAQGKAQDFDRDLDQDPLTP,55,
Q8IMW7,TPHAAPSSQRKLSRGKRFVAFPQGSSASVSQ,84,
Q8IMW7,APSSQRKLSRGKRFVKFPQGSSASVSQRTLE,88,
A2BGU3,KLFSKYGKASEIFINKDRGFGFIRLETKTLA,105,
F1R1J9,IDIEAPEGKVKGSKFKIPFSGPTISMPDVDF,1275,
B0UY61,AQINMAPDAHEIRAAKEAYKNISNLDYKKKY,5231,
F1QJK4,TNKLLRAEMEDLVSSKDDVGKSVHDLEKSKR,1512,
F1QIR4,TEKEMANMKEEFTKLKEAYAKSEARKKELEE,863,
F1QIR4,KAEEGQRTINDFTMQKAKLQTENGELSRQLE,1280,
F1QIR4,EEGKILRAQLEFNQVKADIERKLSEKDEEME,1572,
F1QIR4,RAQLEFNQVKADIERKLSEKDEEMEQAKRNQ,1578,
F1QIR4,EFNQVKADIERKLSEKDEEMEQAKRNQQRVV,1582,
F1QIR4,ASESVKGVRKYERRIKELTYQTEEDRKNLAR,1851,
F1QIR4,YETDAIQRTEELEDAKKKLAQRLQEAEEAVE,1393,
F1QIR4,LKNSYEEVLDQLETMKRENKNLQEEISDLTE,1502,
F1QIR4,LGETGKSIHELEKIRKQLEQEKAEIQTALEE,1534,
E7FAD0,EDLTKALAKKKELEEKMVSLLQEKNDLQLQV,878,
F1QJP3,EAFTIMDQNRDGFIDKNDLRDTFAALGRLNV,45,
F1QJP3,IFDPEGTGILKGEEIKYHLMSQADKFTEAEV,119,
E9QG51,KLKGADPEDVIVSAFKVLDPEATGTIKKEFL,85,
B8JKH7,QVADIMRALGQNPTNKDVKKILGDPSADDMA,71,
B8JKH7,MANKRIDFEAFLPMLKTVDANQKGTYDDYVE,100,
B8JKH7,IMRALGQNPTNKDVKKILGDPSADDMANKRI,75,
B8JKH7,VKKILGDPSADDMANKRIDFEAFLPMLKTVD,88,
H0WE86,QDCALPLLREVIPTDKVEVGFKDLDAAILVG,90,
F1R5A5,EINKRAAVENEFVLLKKDVDAAYMNKVELEA,263,
F1QEW2,EELQALNDKFASFIDKARSLEQHNAVLRAKI,191,
E9QDY3,LSMRQSVEADIVGLRKVLDELTMTRSDLELQ,211,
E9QDY3,LELQIEGLKEELIFLKKNHEEELLAARTQMS,238,
E9QDY3,STETLQTSRSEITEVKRTLQSLEIELQSQLS,323,
E9QDY3,KDLESWFQAKSESLNKEVAVSTETLQTSRSE,303,
E9QDY3,EKVRSLEKANADLELKIRQFLDSKTSPSARD,134,
E9QDY3,ADIREHYEAVSAKNRKDLESWFQAKSESLNK,288,
E9QDY3,DGKVVSSSSKATTETKTTXXXXXXXXXXXXX,448,
E9QDY3,VSAKNRKDLESWFQAKSESLNKEVAVSTETL,297,
E7F4R9,QKKWPLYMSTKNTILKAYDGRFKDIFQDIFE,252,
E7F4R9,MSTKNTILKAYDGRFKDIFQDIFEKNYKPEF,259,
E7F4R9,VNTTDFLDAIKTNLDKALGKXXXXXXXXXXX,443,
E7F7C7,KRISGLIYEETRGVLKVFLENVIRDAVTYTE,60,
E7F7C7,LENVIRDAVTYTEHAKRKTVTAMDVVYALKR,78,
E7F2T3,SKPKKAGPNVRDLIVKTVTASKERNGVSLAA,53,
A3KPR3,GYDVEKNNSRVKIALKALVKRGALVQTKGTG,75,
E7F225,KNNSRVKLAIKGMVTKGVLKQVKGTGASGSF,82,
E7F225,GYDVEKNNSRVKLAIKGMVTKGVLKQVKGTG,77,
E7F225,RVKLAIKGMVTKGVLKQVKGTGASGSFKLNK,86,
E7FAQ8,SREDSSKPGAHSTVKKMFVGGIKEDTDEEHL,107,
F1QTL9,EADAAMAARPHVVDGKNVEVKRAVAREDAGR,76,
F1QTL9,FSQFGMIEKSEVITDKDTGKKRGFGFVHFED,134,
F6NT71,XXXXXMVAAHGKTVLKGLELAVKNMDNIKAT,11,
F6NT71,AAHGKTVLKGLELAVKNMDNIKATYADLSVL,18,
E7EZ16,ESLTDPTKLDSGKDLKIDIIPNVQERTLTLI,71,
E7EZ16,DTKDKDKKKKKKIKEKYIDQEELNKTKPIWT,259,
E7EZ16,EDLPLNISREMLQQSKILKVIRKNIVKKCLE,383,
E7EZ16,IMETLRQKAEADKNDKAVKDLVILLFETALL,633,
Q6NZU0,LYEDGEDQPKQIYIDKLAELKNLGQPIQDRY,676,
I3ISK4,LDNMCTVYNLKTPVIKTVKELDAHTXXXXXX,132,
Q6NV37,LIGPHVSEPSRAVLHKIYDEVRLVDVLDSRD,53,
E9QGA9,FGRIGRLVTRAAFLTKKVEIVAINDPFIDLD,24,
E9QGA9,RGASQNIIPASTGAAKAVGKVIPELNXXXXX,213,
F1R431,SLGGKKDYQTSKNLQKTVKLPRLFGCSNKTG,603,
I3ISQ0,FGDDAFSHVHVKGDVKIISVKAKXXXXXXXX,118,
E9QBQ4,HETLYQKSDKGVLFPKVIKDKGIVVGIKVDK,96,
F8W3N3,ATWKLVDSQNFDEYMKSLGVGFATRQVGNVT,22,
H0WEH3,AGKAGLIIGKGGETIKQLQERAGVKMILIQD,198,
Q6PH15,XXXXXXXXXXXXXMPKHVEVRMHESHLEPIE,3,
B0UY94,GDLRDDLKLPEGDLGKEIESKFXXXXXXXXX,122,
F1R0W9,QLKEAKKEAREALEAKDRYMEEMADTADAIE,239,
Q6TNU6,ANSRAKTNADTDGLVKILSHKDTDRMLGAHI,438,
B8JN01,NALEKTGGKDFLETVKELRKSQGPLEVASXX,241,
E7EYX7,EQSLEEAFSKYGTIAKVDVIRDRENPEDAKD,33,
E7FF12,VKKGAEGVMRTMATEKLLKAMPALQTQVDTL,163,
B8JIS1,FGPSVAAFADKLNADKIAKAQEVKDQSMASY,127,
F1QA12,KERLAKEKAEKERLAKEQAEKEKIEKEKAEK,539,
B8A5D3,ESKDKKEAEDAERREKNLEEAKKITIENDSS,101,
E7FES0,SGELRKELTELGEQVKPHFEGIFKALQKFAS,240,
E7FES0,GALEFREKVKSGELRKELTELGEQVKPHFEG,230,
A2BFV8,IEILASRTNKEIGDIKQVYKQEYKKDLEADI,148,
B8A4A7,FSIAKEGVVAAAEKTKAGVEEAAAKTKEGVM,23,
F1R8P5,FSMAKEGVVAAAEKTKAGVEEAALKTKEGVM,23,
E9QJI6,XXXXXXXXXXXMSISKIHAREILDSRGNPTV,5,
Q6PC12,VIGMDVAASEFYKGGKYDLDFKSPDDPSRYI,256,
Q6PC12,AKYNQLLRIEEELGDKARFAGKNFRKPIXXX,420,
D1GJ56,LNTAFDIAEKFLDIPKMLDADDIVNTPKPDE,229,
D1GJ56,DYETASLMEIRALMRKHEAFESDLAAHQDRV,445,
F1QZU7,EIICHVAEGDKADVDKAVKAARDAFKLGSPW,77,
Q6P3L3,LSSEDKEAIEKAVEEKIEWLEAHQDADLEEF,599,
E9QF69,VVGTITDDVRIQNIPKLKVCALKVTDRARSR,97,
E9QF69,KLYRFLSRRSDAPFNKVILRRLFMSKTNRPP,45,
F8W4I2,VGSKQMQTIRLSLRGKAVVLMGKNTMMRKAI,50,
A3KQ06,LRRLVRIGVLDEGKMKLDYILGLKVEDFLER,93,
B7ZD32,QMIVDVLHPGKATVPKTEIREKLAKMYKTTP,25,
E9QDR0,VPVTKLGRLVKDMKIKSLEEIYLYSLPIKES,62,
F8W246,RDSHGVAQVRFVTGNKILRILKSKGLAPDLP,70,
E9QJ96,LIPNASQAESKVFYLKMKGDYYRYLSEVASG,120,
E9QJ96,VENSQKAYQDAFEISKKEMQPTHPIRLGLAL,157,
F1R2S5,EVEWERLPKIVTTYAKKVCKHILNAAYNTGF,1277,
F1RB19,PAAAATAGDKKVIATKVLGTVKWFNVRNRYR,38,
X1WF87,YETDAIQRTEELEEAKKKLAQRLQDAEESIE,1392,
F1Q6U4,XXXXMSLSAKDKANVKAFFDKVAPKAEEIGR,12,
F1Q6U4,KDKANVKAFFDKVAPKAEEIGRETLSRTLFV,21,
F1Q6U4,SLSAKDKANVKAFFDKVAPKAEEIGRETLSR,17,
Q5RH26,NMATLKDITIRLKSIKNIQKITKSMKMVAAA,34,
B8A561,ELNQVKSEIDRKLAEKDEEIEQIKRNSQRIT,1581,
B8A561,IDRKLAEKDEEIEQIKRNSQRITDSMQSTLD,1589,
B8A561,RVQLELNQVKSEIDRKLAEKDEEIEQIKRNS,1577,
B8A561,QLEEKEALVSQLTRGKQAFTQQIEELKRQIE,1307,
B8A561,LTRGKQAFTQQIEELKRQIEEEVKAKNALAH,1318,
B8A561,SIHELEKSKKAVETEKAEIQTALEEAEGTLE,1539,
B8A561,PLNESVVQLYQKSSVKLLATLYPPVVEETGG,619,
B8A561,RQSEEAEEQANSHLSKLRKVQHELEEAEERA,1897,
B8A561,MIDVERANALAANLDKKQRNFDKVLAEWKQK,1446,
B8A561,EIQLSHANRQAAEAQKQLRNVQAQLKDAQLH,1643,
B8A561,EKLKKKDFETSQLLSKIEDEQSLGAQLQKKI,1095,
B8A561,QIIAANPLLEAYGNAKTVRNDNSSRFGKFIR,238,
B8A561,GSMQTVSSQFRENLGKLMTNLRSTHPHFVRC,659,
B8A561,VLNASVIPEGQFIDNKKASEKLLGSIDVNHD,741,
B8A561,GSIDVNHDEYRFGHTKVFFKAGLLGTLEEMR,764,
B8A561,VYYKIKPLLKSAETEKELATMKEDFVKCKED,849,
B8A561,PLLKSAETEKELATMKEDFVKCKEDLAKAEA,855,
B8A561,ATMKEDFVKCKEDLAKAEAKKKELEEKMVAL,867,
B8A561,FVKCKEDLAKAEAKKKELEEKMVALLQEKND,873,
B8A561,EDLAKAEAKKKELEEKMVALLQEKNDLQLAV,878,
B8A561,ERLEDEEEINAELTAKKRKLEDECSELKKDI,941,
B8A561,LTLAKVEKEKHATENKVKNLTEEMAAQDESI,976,
B8A561,LAKVEKEKHATENKVKNLTEEMAAQDESIGK,978,
B8A561,KNLTEEMAAQDESIGKLTKEKKALQEAHQQT,993,
B8A561,EAHQQTLDDLQAEEDKVNTLTKSKTKLEQQV,1018,
B8A561,LDDLQAEEDKVNTLTKSKTKLEQQVDDLEGS,1024,
B8A561,LEQQVDDLEGSLEQEKKLRMDLERAKRKLEG,1044,
B8A561,DLKLAQESIMDLENDKQQSEEKLKKKDFETS,1075,
B8A561,DLENDKQQSEEKLKKKDFETSQLLSKIEDEQ,1085,
B8A561,LSKIEDEQSLGAQLQKKIKELQARIEELEEE,1108,
B8A561,LEEAGGATAAQIEMNKKREAEFQKLRRDLEE,1167,
B8A561,ESTLQHEATAAALRKKQADSVAELGEQIDNL,1197,
B8A561,LQRVKQKLEKEKSEYKMEIDDLSSNMEAVAK,1227,
B8A561,KMEIDDLSSNMEAVAKAKANLEKMCRTLEDQ,1242,
B8A561,EIDDLSSNMEAVAKAKANLEKMCRTLEDQLS,1244,
B8A561,LEKMCRTLEDQLSEIKSKNDENLRQLNDLSA,1262,
B8A561,RLQTENGEFGRQLEEKEALVSQLTRGKQAFT,1296,
B8A561,YETDAIQRTEELEESKKKLAQRLQEAEEQIE,1392,
B8A561,EEQIEAVNSKCASLEKTKQRLQGEVEDLMID,1418,
B8A561,NALAANLDKKQRNFDKVLAEWKQKYEEGQAE,1453,
B8A561,KKQRNFDKVLAEWKQKYEEGQAELEGAQKEA,1461,
B8A561,KQKYEEGQAELEGAQKEARSLSTELFKMKNS,1474,
B8A561,AQKEARSLSTELFKMKNSYEETLDQLETLKR,1487,
B8A561,MKNSYEETLDQLETLKRENKNLQQEISDLTE,1501,
B8A561,IGETGKSIHELEKSKKAVETEKAEIQTALEE,1533,
B8A561,EESKILRVQLELNQVKSEIDRKLAEKDEEIE,1571,
B8A561,AAEAQKQLRNVQAQLKDAQLHLDDAVRGQED,1653,
B8A561,AQLHLDDAVRGQEDMKEQVAMVERRNTLMQS,1670,
B8A561,SEVEDTVQEARNAEDKAKKAITDAAMMAEEL,1756,
B8A561,EDTVQEARNAEDKAKKAITDAAMMAEELKKE,1759,
B8A561,AKKAITDAAMMAEELKKEQDTSAHLERMKKN,1772,
B8A561,LKKEQDTSAHLERMKKNLEVTVKDLQHRLDE,1786,
B8A561,GADAVKGVRKYERRVKELTYQTEEDKKNVNR,1850,
B8A561,YERRVKELTYQTEEDKKNVNRLQDLVDKLQL,1860,
B8A561,ERRVKELTYQTEEDKKNVNRLQDLVDKLQLK,1861,
B8A561,EEAEERADIAESQVNKLRAKSRDSGKGKEAA,1921,
B8A561,KVTVITLDTKEERVAKEDDVHPMNPPKFDKI,74,
